date,usd_per_eur,krw_per_usd
2010-01-04,1.4419,1149.0
2010-01-05,1.4402,1138.2
2010-01-06,1.4404,1130.0
2010-01-07,1.4314,1135.0
2010-01-08,1.4357,1127.75
2010-01-11,1.4536,1120.0
2010-01-12,1.4523,1120.25
2010-01-13,1.4492,1122.0
2010-01-14,1.4478,1122.5
2010-01-15,1.4376,1123.0
2010-01-19,1.4269,1129.3
2010-01-20,1.4094,1133.5
2010-01-21,1.4106,1141.0
2010-01-22,1.4154,1153.0
2010-01-25,1.4146,1146.0
2010-01-26,1.4063,1163.1
2010-01-27,1.4053,1162.0
2010-01-28,1.3993,1151.4
2010-01-29,1.387,1158.7
2010-02-01,1.3904,1165.75
2010-02-02,1.3955,1158.95
2010-02-03,1.3907,1148.1
2010-02-04,1.3759,1145.9
2010-02-05,1.3608,1168.95
2010-02-08,1.3699,1170.0
2010-02-09,1.3795,1158.0
2010-02-10,1.3722,1161.0
2010-02-11,1.364,1156.2
2010-02-12,1.3625,1151.0
2010-02-16,1.3742,1147.0
2010-02-17,1.3623,1144.0
2010-02-18,1.3563,1144.2
2010-02-19,1.3538,1153.0
2010-02-22,1.359,1149.2
2010-02-23,1.3537,1155.0
2010-02-24,1.3576,1156.0
2010-02-25,1.3476,1166.2
2010-02-26,1.366,1159.0
2010-03-01,1.3516,1153.0
2010-03-02,1.3564,1147.0
2010-03-03,1.3731,1141.0
2010-03-04,1.3571,1145.5
2010-03-05,1.3608,1139.5
2010-03-08,1.3613,1131.5
2010-03-09,1.3586,1135.15
2010-03-10,1.3658,1128.1
2010-03-11,1.3674,1133.43
2010-03-12,1.3753,1128.33
2010-03-15,1.3652,1134.5
2010-03-16,1.3758,1133.0
2010-03-17,1.3739,1128.0
2010-03-18,1.3603,1131.5
2010-03-19,1.353,1133.58
2010-03-22,1.3531,1135.5
2010-03-23,1.3535,1136.8
2010-03-24,1.3347,1137.0
2010-03-25,1.3344,1142.3
2010-03-26,1.3398,1138.0
2010-03-29,1.3465,1135.0
2010-03-30,1.3409,1131.0
2010-03-31,1.3526,1131.2
2010-04-01,1.3569,1126.3
2010-04-02,1.3487,1125.9
2010-04-05,1.3486,1122.8
2010-04-06,1.3378,1123.9
2010-04-07,1.3364,1120.0
2010-04-08,1.336,1123.0
2010-04-09,1.3468,1117.0
2010-04-12,1.3587,1114.0
2010-04-13,1.3592,1123.7
2010-04-14,1.3666,1111.5
2010-04-15,1.354,1107.0
2010-04-16,1.3487,1110.0
2010-04-19,1.3458,1118.1
2010-04-20,1.3446,1117.8
2010-04-21,1.3383,1107.6
2010-04-22,1.3298,1108.2
2010-04-23,1.336,1108.5
2010-04-26,1.3336,1104.0
2010-04-27,1.323,1110.0
2010-04-28,1.313,1118.0
2010-04-29,1.3243,1114.8
2010-04-30,1.3302,1108.0
2010-05-03,1.3183,1118.4
2010-05-04,1.3037,1115.0
2010-05-05,1.289,1115.0
2010-05-06,1.2689,1140.9
2010-05-07,1.2721,1155.3
2010-05-10,1.2861,1131.8
2010-05-11,1.2715,1133.75
2010-05-12,1.2642,1144.02
2010-05-13,1.2568,1129.2
2010-05-14,1.239,1130.0
2010-05-17,1.2299,1152.75
2010-05-18,1.2358,1146.0
2010-05-19,1.2317,1163.9
2010-05-20,1.237,1193.5
2010-05-21,1.2575,1193.0
2010-05-24,1.2406,1213.65
2010-05-25,1.2279,1250.0
2010-05-26,1.2224,1253.2
2010-05-27,1.237,1222.95
2010-05-28,1.2369,1194.5
2010-06-01,1.2266,1216.0
2010-06-02,1.2206,1216.5
2010-06-03,1.2193,1198.5
2010-06-04,1.1998,1201.5
2010-06-07,1.1959,1235.61
2010-06-08,1.1995,1233.99
2010-06-09,1.2045,1247.3
2010-06-10,1.2111,1250.4
2010-06-11,1.2077,1245.9
2010-06-14,1.2277,1221.2
2010-06-15,1.2327,1229.0
2010-06-16,1.2323,1211.0
2010-06-17,1.2365,1212.8
2010-06-18,1.236,1202.55
2010-06-21,1.2385,1173.6
2010-06-22,1.2303,1182.95
2010-06-23,1.231,1187.1
2010-06-24,1.2288,1188.9
2010-06-25,1.2332,1215.1
2010-06-28,1.2316,1202.85
2010-06-29,1.2187,1216.85
2010-06-30,1.2291,1220.85
2010-07-01,1.2464,1227.0
2010-07-02,1.2577,1228.5
2010-07-06,1.2646,1222.0
2010-07-07,1.2594,1221.55
2010-07-08,1.2683,1209.4
2010-07-09,1.2639,1197.5
2010-07-12,1.2573,1203.35
2010-07-13,1.2719,1212.5
2010-07-14,1.2755,1201.55
2010-07-15,1.2893,1201.5
2010-07-16,1.2919,1202.5
2010-07-19,1.2963,1216.0
2010-07-20,1.2905,1206.4
2010-07-21,1.2818,1203.5
2010-07-22,1.2903,1202.95
2010-07-23,1.2874,1198.5
2010-07-26,1.2983,1191.0
2010-07-27,1.2983,1181.95
2010-07-28,1.2998,1185.0
2010-07-29,1.3064,1185.35
2010-07-30,1.3069,1182.0
2010-08-02,1.3174,1172.5
2010-08-03,1.3239,1167.2
2010-08-04,1.3158,1167.25
2010-08-05,1.3157,1166.0
2010-08-06,1.3282,1161.0
2010-08-09,1.3241,1160.0
2010-08-10,1.3095,1168.6
2010-08-11,1.2899,1182.0
2010-08-12,1.2866,1185.9
2010-08-13,1.2767,1183.7
2010-08-16,1.2838,1186.9
2010-08-17,1.289,1176.0
2010-08-18,1.2872,1174.0
2010-08-19,1.2837,1172.15
2010-08-20,1.2687,1183.2
2010-08-23,1.2663,1181.6
2010-08-24,1.2675,1191.0
2010-08-25,1.2652,1196.15
2010-08-26,1.2717,1190.1
2010-08-27,1.2765,1195.1
2010-08-30,1.2686,1191.0
2010-08-31,1.2704,1198.0
2010-09-01,1.2813,1184.0
2010-09-02,1.2824,1178.0
2010-09-03,1.2885,1173.0
2010-09-07,1.2723,1177.0
2010-09-08,1.2727,1171.5
2010-09-09,1.2708,1166.75
2010-09-10,1.2731,1164.85
2010-09-13,1.289,1159.0
2010-09-14,1.3014,1159.5
2010-09-15,1.3008,1158.0
2010-09-16,1.3079,1161.0
2010-09-17,1.3046,1160.0
2010-09-20,1.3074,1160.5
2010-09-21,1.3136,1160.0
2010-09-22,1.3385,1150.0
2010-09-23,1.3344,1150.65
2010-09-24,1.3476,1154.2
2010-09-27,1.3475,1146.0
2010-09-28,1.3583,1145.5
2010-09-29,1.3638,1139.0
2010-09-30,1.3601,1140.1
2010-10-01,1.3754,1130.25
2010-10-04,1.3688,1122.25
2010-10-05,1.3834,1129.85
2010-10-06,1.3924,1117.4
2010-10-07,1.3921,1114.0
2010-10-08,1.3923,1120.7
2010-10-12,1.3846,1130.15
2010-10-13,1.3964,1119.0
2010-10-14,1.4066,1110.4
2010-10-15,1.3998,1109.6
2010-10-18,1.3978,1115.0
2010-10-19,1.3827,1126.7
2010-10-20,1.3949,1124.9
2010-10-21,1.3973,1128.4
2010-10-22,1.3904,1125.6
2010-10-25,1.3986,1115.6
2010-10-26,1.3873,1122.0
2010-10-27,1.3788,1130.0
2010-10-28,1.3929,1123.0
2010-10-29,1.3894,1124.0
2010-11-01,1.3888,1116.73
2010-11-02,1.4026,1111.0
2010-11-03,1.4014,1109.8
2010-11-04,1.4224,1106.53
2010-11-05,1.4033,1107.7
2010-11-08,1.3927,1114.0
2010-11-09,1.3865,1111.4
2010-11-10,1.3728,1109.6
2010-11-12,1.37,1127.2
2010-11-15,1.3615,1134.7
2010-11-16,1.3517,1129.8
2010-11-17,1.3555,1143.75
2010-11-18,1.3618,1129.9
2010-11-19,1.3654,1131.15
2010-11-22,1.3612,1126.0
2010-11-23,1.3388,1162.0
2010-11-24,1.335,1146.0
2010-11-26,1.3243,1153.95
2010-11-29,1.3092,1164.05
2010-11-30,1.3036,1157.2
2010-12-01,1.3149,1149.0
2010-12-02,1.3228,1148.0
2010-12-03,1.3367,1136.5
2010-12-06,1.3275,1136.7
2010-12-07,1.3323,1130.0
2010-12-08,1.3242,1142.5
2010-12-09,1.3206,1140.0
2010-12-10,1.3242,1143.0
2010-12-13,1.3389,1144.9
2010-12-14,1.3395,1139.0
2010-12-15,1.3306,1154.95
2010-12-16,1.3206,1155.0
2010-12-17,1.3155,1155.05
2010-12-20,1.3124,1154.1
2010-12-21,1.3131,1155.15
2010-12-22,1.3089,1153.9
2010-12-23,1.3101,1151.9
2010-12-27,1.3146,1148.9
2010-12-28,1.3122,1143.0
2010-12-29,1.3183,1143.0
2010-12-30,1.3269,1130.6
2011-01-03,1.3371,1124.3
2011-01-04,1.3306,1124.2
2011-01-05,1.3171,1127.3
2011-01-06,1.3027,1121.0
2011-01-07,1.2944,1120.2
2011-01-10,1.2945,1128.1
2011-01-11,1.2978,1124.0
2011-01-12,1.3066,1111.6
2011-01-13,1.3364,1111.2
2011-01-14,1.3328,1114.55
2011-01-18,1.3399,1111.0
2011-01-19,1.3495,1113.2
2011-01-20,1.3443,1124.1
2011-01-21,1.3581,1118.0
2011-01-24,1.3653,1118.0
2011-01-25,1.3644,1121.6
2011-01-26,1.3688,1116.0
2011-01-27,1.3688,1114.3
2011-01-28,1.3607,1115.6
2011-01-31,1.3715,1119.1
2011-02-01,1.3793,1113.6
2011-02-02,1.3779,1113.6
2011-02-03,1.3654,1113.6
2011-02-04,1.3584,1113.6
2011-02-07,1.3557,1103.6
2011-02-08,1.3687,1100.9
2011-02-09,1.3688,1107.4
2011-02-10,1.3637,1120.9
2011-02-11,1.352,1126.3
2011-02-14,1.3474,1125.9
2011-02-15,1.3494,1121.3
2011-02-16,1.3547,1115.3
2011-02-17,1.3612,1114.5
2011-02-18,1.3673,1111.0
2011-02-22,1.3661,1125.35
2011-02-23,1.3758,1125.2
2011-02-24,1.3794,1130.55
2011-02-25,1.3757,1125.0
2011-02-28,1.3793,1123.7
2011-03-01,1.3813,1123.5
2011-03-02,1.3869,1121.0
2011-03-03,1.3947,1115.4
2011-03-04,1.3983,1117.5
2011-03-07,1.3976,1115.35
2011-03-08,1.3912,1115.0
2011-03-09,1.3906,1114.45
2011-03-10,1.3823,1123.7
2011-03-11,1.3864,1126.0
2011-03-14,1.3975,1127.0
2011-03-15,1.3968,1135.6
2011-03-16,1.3922,1132.6
2011-03-17,1.4021,1133.1
2011-03-18,1.4141,1126.0
2011-03-21,1.4184,1121.5
2011-03-22,1.4212,1120.6
2011-03-23,1.4124,1124.1
2011-03-24,1.42,1118.6
2011-03-25,1.4144,1110.7
2011-03-28,1.4104,1111.5
2011-03-29,1.409,1112.2
2011-03-30,1.4095,1100.5
2011-03-31,1.4183,1097.25
2011-04-01,1.4215,1086.7
2011-04-04,1.4221,1086.45
2011-04-05,1.423,1086.5
2011-04-06,1.4333,1084.0
2011-04-07,1.4287,1088.6
2011-04-08,1.4437,1082.0
2011-04-11,1.4454,1085.5
2011-04-12,1.4455,1091.8
2011-04-13,1.4477,1086.3
2011-04-14,1.4464,1086.55
2011-04-15,1.4443,1087.0
2011-04-18,1.4211,1088.0
2011-04-19,1.4319,1085.7
2011-04-20,1.4513,1076.5
2011-04-21,1.4585,1079.5
2011-04-22,1.4545,1080.8
2011-04-25,1.4576,1081.1
2011-04-26,1.4625,1083.6
2011-04-27,1.4659,1078.8
2011-04-28,1.4785,1072.9
2011-04-29,1.4821,1068.4
2011-05-02,1.487,1065.5
2011-05-03,1.4875,1071.3
2011-05-04,1.4859,1076.3
2011-05-05,1.4583,1081.3
2011-05-06,1.4495,1085.1
2011-05-09,1.4301,1081.0
2011-05-10,1.4358,1082.2
2011-05-11,1.4269,1076.0
2011-05-12,1.4229,1088.0
2011-05-13,1.4141,1086.8
2011-05-16,1.4219,1091.7
2011-05-17,1.4155,1088.3
2011-05-18,1.427,1087.6
2011-05-19,1.4254,1086.0
2011-05-20,1.4172,1082.7
2011-05-23,1.4015,1097.8
2011-05-24,1.4107,1093.2
2011-05-25,1.4102,1101.6
2011-05-26,1.4088,1089.0
2011-05-27,1.4287,1082.2
2011-05-31,1.4376,1078.0
2011-06-01,1.4431,1076.2
2011-06-02,1.4426,1081.4
2011-06-03,1.4604,1077.0
2011-06-06,1.462,1078.55
2011-06-07,1.4675,1081.8
2011-06-08,1.4587,1080.0
2011-06-09,1.4534,1082.8
2011-06-10,1.4365,1084.0
2011-06-13,1.4368,1085.2
2011-06-14,1.4473,1082.4
2011-06-15,1.4221,1083.0
2011-06-16,1.4155,1091.15
2011-06-17,1.4326,1085.8
2011-06-20,1.432,1082.25
2011-06-21,1.4399,1078.45
2011-06-22,1.4403,1073.85
2011-06-23,1.4166,1082.85
2011-06-24,1.4189,1078.7
2011-06-27,1.4282,1084.95
2011-06-28,1.4368,1080.3
2011-06-29,1.4428,1073.0
2011-06-30,1.4523,1066.3
2011-07-01,1.4508,1065.05
2011-07-05,1.447,1065.0
2011-07-06,1.4329,1066.5
2011-07-07,1.4349,1063.9
2011-07-08,1.4251,1056.9
2011-07-11,1.4034,1057.6
2011-07-12,1.4014,1064.05
2011-07-13,1.4167,1055.1
2011-07-14,1.4182,1055.55
2011-07-15,1.4156,1058.0
2011-07-18,1.4042,1061.85
2011-07-19,1.4156,1059.6
2011-07-20,1.4188,1053.95
2011-07-21,1.4372,1054.5
2011-07-22,1.4366,1050.25
2011-07-25,1.4357,1053.45
2011-07-26,1.4495,1049.2
2011-07-27,1.4373,1052.5
2011-07-28,1.4303,1051.55
2011-07-29,1.4388,1054.0
2011-08-01,1.4202,1051.3
2011-08-02,1.4232,1052.4
2011-08-03,1.432,1058.85
2011-08-04,1.4158,1061.5
2011-08-05,1.4158,1067.2
2011-08-08,1.4241,1082.9
2011-08-09,1.4242,1087.45
2011-08-10,1.4193,1080.1
2011-08-11,1.423,1078.2
2011-08-12,1.4239,1078.9
2011-08-15,1.4452,1078.8
2011-08-16,1.4421,1068.05
2011-08-17,1.4436,1068.55
2011-08-18,1.432,1076.75
2011-08-19,1.4408,1087.2
2011-08-22,1.4384,1083.15
2011-08-23,1.4431,1077.2
2011-08-24,1.4402,1083.65
2011-08-25,1.438,1088.25
2011-08-26,1.4463,1079.5
2011-08-29,1.451,1073.45
2011-08-30,1.4435,1072.15
2011-08-31,1.4406,1063.9
2011-09-01,1.4283,1061.4
2011-09-02,1.4203,1064.85
2011-09-06,1.3999,1076.9
2011-09-07,1.4058,1070.65
2011-09-08,1.3947,1075.3
2011-09-09,1.3666,1077.1
2011-09-12,1.3635,1076.75
2011-09-13,1.368,1076.75
2011-09-14,1.371,1107.45
2011-09-15,1.3858,1113.25
2011-09-16,1.3783,1112.4
2011-09-19,1.3636,1139.4
2011-09-20,1.3697,1140.0
2011-09-21,1.3724,1152.4
2011-09-22,1.3446,1179.7
2011-09-23,1.3518,1164.9
2011-09-26,1.3516,1181.0
2011-09-27,1.3606,1164.5
2011-09-28,1.3628,1171.9
2011-09-29,1.3639,1172.6
2011-09-30,1.3449,1180.9
2011-10-03,1.3281,1180.0
2011-10-04,1.3294,1197.5
2011-10-05,1.3328,1186.5
2011-10-06,1.3408,1184.0
2011-10-07,1.3512,1170.5
2011-10-11,1.3657,1171.15
2011-10-12,1.3805,1164.5
2011-10-13,1.373,1157.75
2011-10-14,1.3861,1156.0
2011-10-17,1.377,1148.35
2011-10-18,1.3719,1149.5
2011-10-19,1.3775,1133.5
2011-10-20,1.3672,1147.0
2011-10-21,1.3873,1147.2
2011-10-24,1.3932,1133.2
2011-10-25,1.3911,1131.25
2011-10-26,1.3838,1134.65
2011-10-27,1.4172,1106.6
2011-10-28,1.4164,1102.5
2011-10-31,1.3947,1112.05
2011-11-01,1.3676,1122.05
2011-11-02,1.3803,1120.65
2011-11-03,1.3744,1127.4
2011-11-04,1.3761,1110.6
2011-11-07,1.3744,1117.3
2011-11-08,1.3785,1118.1
2011-11-09,1.3596,1118.85
2011-11-10,1.36,1131.85
2011-11-14,1.3625,1126.05
2011-11-15,1.3524,1128.5
2011-11-16,1.3505,1134.15
2011-11-17,1.3522,1132.15
2011-11-18,1.3521,1138.5
2011-11-21,1.3525,1143.0
2011-11-22,1.35,1146.65
2011-11-23,1.3347,1159.7
2011-11-25,1.3244,1162.0
2011-11-28,1.3334,1152.5
2011-11-29,1.3343,1139.5
2011-11-30,1.3453,1140.05
2011-12-01,1.3487,1126.55
2011-12-02,1.3386,1128.0
2011-12-05,1.3463,1124.5
2011-12-06,1.3397,1128.5
2011-12-07,1.3386,1129.05
2011-12-08,1.3324,1133.55
2011-12-09,1.3368,1146.6
2011-12-12,1.3188,1149.2
2011-12-13,1.3094,1157.0
2011-12-14,1.2972,1158.3
2011-12-15,1.3013,1156.95
2011-12-16,1.3025,1158.5
2011-12-19,1.3017,1175.5
2011-12-20,1.3076,1157.0
2011-12-21,1.304,1150.8
2011-12-22,1.3045,1154.0
2011-12-23,1.304,1149.0
2011-12-27,1.3074,1155.65
2011-12-28,1.2926,1157.0
2011-12-29,1.2952,1156.5
2011-12-30,1.2973,1158.5
2012-01-03,1.3061,1143.7
2012-01-04,1.293,1147.35
2012-01-05,1.2783,1155.55
2012-01-06,1.2723,1160.0
2012-01-09,1.2745,1158.8
2012-01-10,1.2782,1153.55
2012-01-11,1.2686,1159.55
2012-01-12,1.2818,1151.25
2012-01-13,1.2682,1150.35
2012-01-17,1.274,1142.85
2012-01-18,1.2825,1139.0
2012-01-19,1.2937,1133.6
2012-01-20,1.2948,1133.0
2012-01-23,1.3035,1125.4
2012-01-24,1.3004,1129.25
2012-01-25,1.2978,1129.05
2012-01-26,1.3152,1120.1
2012-01-27,1.3192,1120.5
2012-01-30,1.3123,1128.0
2012-01-31,1.3053,1125.7
2012-02-01,1.3179,1126.35
2012-02-02,1.3167,1115.65
2012-02-03,1.3106,1116.0
2012-02-06,1.313,1121.0
2012-02-07,1.3244,1117.0
2012-02-08,1.3253,1116.4
2012-02-09,1.3297,1118.55
2012-02-10,1.3187,1123.0
2012-02-13,1.3211,1119.95
2012-02-14,1.3149,1126.55
2012-02-15,1.3087,1124.65
2012-02-16,1.311,1128.65
2012-02-17,1.3149,1126.25
2012-02-21,1.3255,1124.25
2012-02-22,1.3251,1126.45
2012-02-23,1.3308,1128.9
2012-02-24,1.3463,1124.0
2012-02-27,1.341,1127.25
2012-02-28,1.3452,1125.85
2012-02-29,1.3359,1117.1
2012-03-01,1.332,1116.0
2012-03-02,1.3202,1116.5
2012-03-05,1.3226,1116.0
2012-03-06,1.3114,1122.64
2012-03-07,1.3149,1123.7
2012-03-08,1.3256,1117.2
2012-03-09,1.3108,1116.0
2012-03-12,1.3141,1124.15
2012-03-13,1.3109,1123.45
2012-03-14,1.3025,1126.1
2012-03-15,1.307,1124.85
2012-03-16,1.3171,1125.7
2012-03-19,1.3242,1120.35
2012-03-20,1.3222,1128.05
2012-03-21,1.319,1130.25
2012-03-22,1.3194,1134.6
2012-03-23,1.3263,1135.0
2012-03-26,1.3328,1133.35
2012-03-27,1.3336,1134.4
2012-03-28,1.33,1136.3
2012-03-29,1.3265,1139.75
2012-03-30,1.3334,1131.4
2012-04-02,1.3325,1125.75
2012-04-03,1.3337,1122.35
2012-04-04,1.3126,1131.25
2012-04-05,1.3064,1129.5
2012-04-06,1.3089,1131.75
2012-04-09,1.3087,1138.1
2012-04-10,1.3068,1139.5
2012-04-11,1.3104,1143.35
2012-04-12,1.3171,1137.4
2012-04-13,1.3082,1134.2
2012-04-16,1.3067,1138.0
2012-04-17,1.3123,1134.75
2012-04-18,1.3122,1139.35
2012-04-19,1.3132,1138.2
2012-04-20,1.3212,1138.1
2012-04-23,1.3129,1142.5
2012-04-24,1.3207,1138.4
2012-04-25,1.321,1139.0
2012-04-26,1.3232,1133.0
2012-04-27,1.3248,1131.0
2012-04-30,1.3229,1130.05
2012-05-01,1.3226,1128.35
2012-05-02,1.3154,1129.1
2012-05-03,1.3147,1130.4
2012-05-04,1.3091,1134.25
2012-05-07,1.3052,1138.0
2012-05-08,1.3015,1138.46
2012-05-09,1.2954,1143.95
2012-05-10,1.2959,1142.15
2012-05-11,1.2937,1146.15
2012-05-14,1.2847,1153.5
2012-05-15,1.2769,1156.1
2012-05-16,1.273,1166.25
2012-05-17,1.2709,1165.75
2012-05-18,1.2721,1170.0
2012-05-21,1.2769,1167.0
2012-05-22,1.2735,1165.0
2012-05-23,1.2569,1174.85
2012-05-24,1.2583,1176.72
2012-05-25,1.2518,1185.0
2012-05-29,1.2488,1175.82
2012-05-30,1.2405,1180.41
2012-05-31,1.2364,1180.0
2012-06-01,1.242,1182.0
2012-06-04,1.2495,1178.99
2012-06-05,1.2437,1177.08
2012-06-06,1.2535,1173.89
2012-06-07,1.2568,1162.75
2012-06-08,1.2482,1173.59
2012-06-11,1.2504,1171.0
2012-06-12,1.2477,1168.5
2012-06-13,1.2596,1166.23
2012-06-14,1.2608,1163.78
2012-06-15,1.2633,1164.25
2012-06-18,1.2578,1157.0
2012-06-19,1.2692,1153.0
2012-06-20,1.2703,1151.37
2012-06-21,1.2586,1153.75
2012-06-22,1.2545,1158.34
2012-06-25,1.248,1163.25
2012-06-26,1.2471,1157.6
2012-06-27,1.2457,1156.01
2012-06-28,1.2433,1157.61
2012-06-29,1.2668,1141.17
2012-07-02,1.2584,1143.4
2012-07-03,1.262,1133.0
2012-07-05,1.2384,1133.54
2012-07-06,1.2283,1140.3
2012-07-09,1.2299,1141.88
2012-07-10,1.2255,1140.63
2012-07-11,1.2244,1140.5
2012-07-12,1.2199,1154.04
2012-07-13,1.2232,1147.53
2012-07-16,1.2267,1146.18
2012-07-17,1.2234,1144.83
2012-07-18,1.2261,1141.34
2012-07-19,1.2257,1138.3
2012-07-20,1.2176,1142.0
2012-07-23,1.2126,1151.03
2012-07-24,1.2062,1148.78
2012-07-25,1.2132,1148.89
2012-07-26,1.228,1146.17
2012-07-27,1.237,1138.01
2012-07-30,1.225,1137.22
2012-07-31,1.2315,1130.27
2012-08-01,1.2299,1126.56
2012-08-02,1.2149,1131.58
2012-08-03,1.239,1134.25
2012-08-06,1.2422,1127.93
2012-08-07,1.2422,1128.7
2012-08-08,1.2364,1129.77
2012-08-09,1.2278,1126.0
2012-08-10,1.2298,1130.75
2012-08-13,1.2339,1128.73
2012-08-14,1.2329,1130.24
2012-08-15,1.2288,1130.08
2012-08-16,1.2356,1133.19
2012-08-17,1.2315,1134.72
2012-08-20,1.2343,1134.93
2012-08-21,1.2472,1130.37
2012-08-22,1.2472,1135.56
2012-08-23,1.2583,1131.35
2012-08-24,1.2533,1134.15
2012-08-27,1.2514,1134.49
2012-08-28,1.2564,1134.45
2012-08-29,1.2538,1134.97
2012-08-30,1.2497,1134.18
2012-08-31,1.2578,1133.2
2012-09-04,1.2566,1133.23
2012-09-05,1.2603,1135.96
2012-09-06,1.2626,1133.45
2012-09-07,1.2796,1129.85
2012-09-10,1.2795,1128.55
2012-09-11,1.2858,1127.94
2012-09-12,1.2894,1126.6
2012-09-13,1.2912,1128.49
2012-09-14,1.3142,1116.65
2012-09-17,1.3125,1116.39
2012-09-18,1.3051,1117.95
2012-09-19,1.3065,1115.74
2012-09-20,1.2948,1121.25
2012-09-21,1.299,1118.7
2012-09-24,1.2909,1120.34
2012-09-25,1.2945,1119.3
2012-09-26,1.2852,1119.2
2012-09-27,1.2874,1116.03
2012-09-28,1.2856,1111.21
2012-10-01,1.29,1112.29
2012-10-02,1.2951,1112.5
2012-10-03,1.2909,1112.88
2012-10-04,1.3001,1111.6
2012-10-05,1.3059,1107.0
2012-10-09,1.2876,1111.22
2012-10-10,1.2888,1114.61
2012-10-11,1.2928,1112.07
2012-10-12,1.2946,1110.5
2012-10-15,1.295,1110.24
2012-10-16,1.3036,1106.1
2012-10-17,1.3133,1104.74
2012-10-18,1.3106,1104.66
2012-10-19,1.3022,1105.51
2012-10-22,1.3063,1103.98
2012-10-23,1.2971,1103.1
2012-10-24,1.2946,1103.12
2012-10-25,1.2958,1098.0
2012-10-26,1.2938,1097.03
2012-10-29,1.2906,1095.76
2012-10-30,1.2979,1091.33
2012-10-31,1.2958,1090.17
2012-11-01,1.2937,1090.27
2012-11-02,1.2848,1090.7
2012-11-05,1.279,1091.0
2012-11-06,1.2818,1090.19
2012-11-07,1.2759,1086.5
2012-11-08,1.274,1089.23
2012-11-09,1.2715,1087.76
2012-11-13,1.2716,1089.44
2012-11-14,1.274,1086.0
2012-11-15,1.2783,1088.5
2012-11-16,1.2715,1091.77
2012-11-19,1.2806,1085.97
2012-11-20,1.2814,1082.58
2012-11-21,1.2816,1082.0
2012-11-23,1.2959,1085.0
2012-11-26,1.2966,1085.62
2012-11-27,1.294,1086.25
2012-11-28,1.2923,1085.35
2012-11-29,1.2953,1083.17
2012-11-30,1.301,1081.75
2012-12-03,1.3066,1082.65
2012-12-04,1.3081,1083.69
2012-12-05,1.3077,1081.99
2012-12-06,1.2968,1083.3
2012-12-07,1.2942,1081.56
2012-12-10,1.293,1077.43
2012-12-11,1.2992,1074.85
2012-12-12,1.3038,1073.35
2012-12-13,1.3077,1073.9
2012-12-14,1.3134,1074.74
2012-12-17,1.3169,1072.3
2012-12-18,1.3224,1072.75
2012-12-19,1.326,1071.4
2012-12-20,1.3224,1074.3
2012-12-21,1.3166,1075.4
2012-12-24,1.3179,1073.24
2012-12-26,1.3228,1072.29
2012-12-27,1.3228,1071.67
2012-12-28,1.322,1070.4
2012-12-31,1.3186,1063.24
2013-01-02,1.3195,1063.3
2013-01-03,1.311,1062.95
2013-01-04,1.3047,1062.0
2013-01-07,1.3099,1062.5
2013-01-08,1.3068,1063.5
2013-01-09,1.3078,1060.1
2013-01-10,1.322,1058.12
2013-01-11,1.3353,1056.09
2013-01-14,1.3369,1056.0
2013-01-15,1.3342,1057.62
2013-01-16,1.3305,1058.35
2013-01-17,1.3356,1057.82
2013-01-18,1.3303,1058.4
2013-01-22,1.3304,1062.95
2013-01-23,1.3308,1067.02
2013-01-24,1.3378,1067.95
2013-01-25,1.3456,1075.33
2013-01-28,1.3459,1091.22
2013-01-29,1.3484,1082.4
2013-01-30,1.3564,1085.85
2013-01-31,1.3584,1087.46
2013-02-01,1.3692,1094.79
2013-02-04,1.3527,1089.35
2013-02-05,1.3569,1086.17
2013-02-06,1.3528,1089.0
2013-02-07,1.3382,1090.15
2013-02-08,1.3366,1095.65
2013-02-11,1.3414,1095.5
2013-02-12,1.345,1093.13
2013-02-13,1.3448,1085.72
2013-02-14,1.3334,1085.14
2013-02-15,1.3362,1078.22
2013-02-19,1.3387,1079.65
2013-02-20,1.335,1079.85
2013-02-21,1.3204,1086.8
2013-02-22,1.3166,1085.03
2013-02-25,1.3172,1086.0
2013-02-26,1.3054,1089.82
2013-02-27,1.3104,1084.99
2013-02-28,1.3079,1083.9
2013-03-01,1.2988,1083.9
2013-03-04,1.2996,1090.8
2013-03-05,1.3019,1086.58
2013-03-06,1.299,1084.36
2013-03-07,1.3098,1087.49
2013-03-08,1.2992,1089.15
2013-03-11,1.3014,1093.9
2013-03-12,1.3023,1095.28
2013-03-13,1.2949,1098.42
2013-03-14,1.2974,1107.49
2013-03-15,1.3076,1110.62
2013-03-18,1.2956,1114.19
2013-03-19,1.2888,1112.93
2013-03-20,1.295,1115.62
2013-03-21,1.2928,1115.41
2013-03-22,1.2996,1119.2
2013-03-25,1.2881,1110.88
2013-03-26,1.2858,1107.36
2013-03-27,1.2782,1111.09
2013-03-28,1.2842,1113.14
2013-03-29,1.2816,1112.48
2013-04-01,1.2857,1114.38
2013-04-02,1.2836,1117.87
2013-04-03,1.2847,1116.68
2013-04-04,1.2854,1123.57
2013-04-05,1.3027,1136.82
2013-04-08,1.3008,1140.34
2013-04-09,1.3092,1139.19
2013-04-10,1.306,1135.35
2013-04-11,1.3124,1128.85
2013-04-12,1.3094,1129.24
2013-04-15,1.3082,1119.0
2013-04-16,1.3141,1114.0
2013-04-17,1.3049,1121.0
2013-04-18,1.3072,1119.48
2013-04-19,1.3066,1119.03
2013-04-22,1.305,1119.51
2013-04-23,1.3012,1119.53
2013-04-24,1.2997,1117.94
2013-04-25,1.3004,1111.35
2013-04-26,1.3024,1111.1
2013-04-29,1.309,1104.0
2013-04-30,1.3168,1101.52
2013-05-01,1.3192,1100.35
2013-05-02,1.3066,1101.4
2013-05-03,1.3112,1096.67
2013-05-06,1.3067,1094.34
2013-05-07,1.3085,1090.0
2013-05-08,1.3177,1086.0
2013-05-09,1.3105,1091.12
2013-05-10,1.2955,1106.0
2013-05-13,1.2981,1113.12
2013-05-14,1.2969,1109.62
2013-05-15,1.2857,1114.62
2013-05-16,1.2898,1117.54
2013-05-17,1.2818,1117.3
2013-05-20,1.2865,1118.19
2013-05-21,1.291,1110.62
2013-05-22,1.2864,1113.85
2013-05-23,1.2944,1128.35
2013-05-24,1.292,1126.4
2013-05-28,1.287,1128.07
2013-05-29,1.2944,1132.08
2013-05-30,1.3042,1127.9
2013-05-31,1.2988,1129.34
2013-06-03,1.3098,1127.18
2013-06-04,1.3075,1122.31
2013-06-05,1.3088,1118.55
2013-06-06,1.3248,1118.9
2013-06-07,1.3242,1117.17
2013-06-10,1.3234,1127.38
2013-06-11,1.3278,1133.0
2013-06-12,1.3354,1127.76
2013-06-13,1.3314,1129.07
2013-06-14,1.333,1127.2
2013-06-17,1.3341,1127.0
2013-06-18,1.3407,1134.24
2013-06-19,1.3404,1130.25
2013-06-20,1.3214,1145.9
2013-06-21,1.3113,1156.0
2013-06-24,1.3091,1161.34
2013-06-25,1.308,1152.78
2013-06-26,1.3006,1155.0
2013-06-27,1.3016,1147.69
2013-06-28,1.301,1141.45
2013-07-01,1.306,1135.27
2013-07-02,1.3017,1133.8
2013-07-03,1.3005,1140.95
2013-07-05,1.2831,1141.65
2013-07-08,1.2863,1147.94
2013-07-09,1.2774,1141.25
2013-07-10,1.2846,1134.66
2013-07-11,1.3046,1124.21
2013-07-12,1.3048,1123.85
2013-07-15,1.3039,1121.06
2013-07-16,1.3144,1114.65
2013-07-17,1.3094,1116.86
2013-07-18,1.3078,1124.08
2013-07-19,1.3142,1120.43
2013-07-22,1.3193,1118.46
2013-07-23,1.3212,1116.66
2013-07-24,1.3228,1115.52
2013-07-25,1.3234,1116.15
2013-07-26,1.3269,1112.55
2013-07-29,1.3262,1112.21
2013-07-30,1.3266,1115.79
2013-07-31,1.3282,1122.66
2013-08-01,1.3217,1122.99
2013-08-02,1.3268,1123.85
2013-08-05,1.3257,1113.5
2013-08-06,1.3296,1113.81
2013-08-07,1.3329,1117.05
2013-08-08,1.3392,1112.25
2013-08-09,1.3338,1111.16
2013-08-12,1.3312,1113.97
2013-08-13,1.3247,1118.22
2013-08-14,1.3256,1117.9
2013-08-15,1.3263,1118.0
2013-08-16,1.3321,1113.04
2013-08-19,1.3348,1117.88
2013-08-20,1.3426,1120.6
2013-08-21,1.3368,1116.86
2013-08-22,1.3362,1120.92
2013-08-23,1.3392,1113.48
2013-08-26,1.3369,1112.6
2013-08-27,1.3387,1116.78
2013-08-28,1.3326,1114.25
2013-08-29,1.3228,1112.19
2013-08-30,1.3196,1109.42
2013-09-03,1.3164,1097.75
2013-09-04,1.3212,1093.77
2013-09-05,1.312,1096.8
2013-09-06,1.3166,1091.9
2013-09-09,1.326,1086.8
2013-09-10,1.326,1085.43
2013-09-11,1.3301,1085.76
2013-09-12,1.3315,1082.77
2013-09-13,1.3276,1085.88
2013-09-16,1.335,1081.34
2013-09-17,1.3357,1082.15
2013-09-18,1.3351,1081.4
2013-09-19,1.3527,1070.88
2013-09-20,1.3522,1076.02
2013-09-23,1.352,1073.9
2013-09-24,1.349,1074.35
2013-09-25,1.3536,1076.42
2013-09-26,1.3484,1075.2
2013-09-27,1.3537,1074.38
2013-09-30,1.3535,1073.33
2013-10-01,1.3534,1072.9
2013-10-02,1.3592,1074.02
2013-10-03,1.3642,1074.02
2013-10-04,1.3582,1070.0
2013-10-07,1.3569,1071.29
2013-10-08,1.3582,1074.15
2013-10-09,1.3513,1075.48
2013-10-10,1.3535,1071.19
2013-10-11,1.3559,1071.55
2013-10-15,1.3494,1064.33
2013-10-16,1.349,1066.0
2013-10-17,1.3664,1062.38
2013-10-18,1.3693,1060.02
2013-10-21,1.3672,1060.93
2013-10-22,1.3778,1057.5
2013-10-23,1.3786,1057.45
2013-10-24,1.381,1061.5
2013-10-25,1.3794,1062.3
2013-10-28,1.3786,1060.7
2013-10-29,1.377,1061.92
2013-10-30,1.3771,1058.4
2013-10-31,1.3594,1060.83
2013-11-01,1.3488,1060.91
2013-11-04,1.3516,1062.38
2013-11-05,1.347,1061.03
2013-11-06,1.353,1059.77
2013-11-07,1.339,1062.78
2013-11-08,1.3357,1062.12
2013-11-12,1.3428,1072.65
2013-11-13,1.3456,1070.56
2013-11-14,1.3468,1068.21
2013-11-15,1.348,1062.35
2013-11-18,1.352,1054.84
2013-11-19,1.3529,1054.86
2013-11-20,1.3451,1056.28
2013-11-21,1.347,1061.9
2013-11-22,1.3547,1060.99
2013-11-25,1.3502,1059.35
2013-11-26,1.3555,1060.07
2013-11-27,1.3563,1060.9
2013-11-29,1.3606,1057.76
2013-12-02,1.3552,1058.0
2013-12-03,1.3604,1059.97
2013-12-04,1.3555,1061.02
2013-12-05,1.3664,1058.27
2013-12-06,1.369,1056.0
2013-12-09,1.3726,1050.05
2013-12-10,1.3765,1052.0
2013-12-11,1.3798,1051.5
2013-12-12,1.3752,1050.75
2013-12-13,1.3724,1052.9
2013-12-16,1.3757,1052.6
2013-12-17,1.3748,1050.65
2013-12-18,1.3766,1051.75
2013-12-19,1.3666,1059.28
2013-12-20,1.3673,1061.35
2013-12-23,1.3701,1060.4
2013-12-24,1.3676,1059.25
2013-12-26,1.369,1059.1
2013-12-27,1.3766,1053.72
2013-12-30,1.3816,1054.52
2013-12-31,1.3779,1055.25
2014-01-02,1.367,1050.3
2014-01-03,1.3606,1055.0
2014-01-06,1.3636,1065.01
2014-01-07,1.3618,1068.5
2014-01-08,1.3586,1065.45
2014-01-09,1.3591,1062.89
2014-01-10,1.3664,1061.32
2014-01-13,1.3647,1056.7
2014-01-14,1.3682,1059.43
2014-01-15,1.3604,1062.6
2014-01-16,1.36,1063.0
2014-01-17,1.3554,1060.8
2014-01-21,1.356,1065.05
2014-01-22,1.3546,1067.3
2014-01-23,1.368,1073.1
2014-01-24,1.368,1080.1
2014-01-27,1.3679,1083.7
2014-01-28,1.3662,1079.14
2014-01-29,1.3663,1069.8
2014-01-30,1.3549,1080.11
2014-01-31,1.35,1080.36
2014-02-03,1.3523,1084.25
2014-02-04,1.3507,1083.7
2014-02-05,1.3519,1077.6
2014-02-06,1.3604,1078.8
2014-02-07,1.3614,1073.83
2014-02-10,1.3644,1072.3
2014-02-11,1.3654,1070.8
2014-02-12,1.3592,1062.14
2014-02-13,1.3669,1066.2
2014-02-14,1.369,1062.9
2014-02-18,1.3758,1065.54
2014-02-19,1.3762,1065.25
2014-02-20,1.369,1072.0
2014-02-21,1.3722,1072.15
2014-02-24,1.3744,1074.0
2014-02-25,1.3749,1072.78
2014-02-26,1.3668,1065.72
2014-02-27,1.3724,1068.85
2014-02-28,1.3806,1066.01
2014-03-03,1.3763,1069.9
2014-03-04,1.3731,1071.2
2014-03-05,1.3734,1070.85
2014-03-06,1.3848,1064.1
2014-03-07,1.3868,1064.2
2014-03-10,1.388,1066.5
2014-03-11,1.3867,1065.13
2014-03-12,1.3904,1070.2
2014-03-13,1.3927,1068.35
2014-03-14,1.3924,1071.33
2014-03-17,1.3927,1067.15
2014-03-18,1.3913,1068.5
2014-03-19,1.391,1070.53
2014-03-20,1.3784,1076.28
2014-03-21,1.3783,1079.6
2014-03-24,1.3784,1077.7
2014-03-25,1.3777,1078.67
2014-03-26,1.3786,1074.97
2014-03-27,1.3752,1071.65
2014-03-28,1.3753,1068.85
2014-03-31,1.3777,1064.65
2014-04-01,1.3804,1058.3
2014-04-02,1.3761,1057.2
2014-04-03,1.3708,1057.5
2014-04-04,1.3704,1053.85
2014-04-07,1.3745,1055.17
2014-04-08,1.3802,1052.1
2014-04-09,1.3816,1041.25
2014-04-10,1.3892,1039.9
2014-04-11,1.3898,1035.4
2014-04-14,1.3824,1039.29
2014-04-15,1.3806,1041.07
2014-04-16,1.382,1038.2
2014-04-17,1.3832,1038.0
2014-04-18,1.3816,1037.35
2014-04-21,1.379,1038.56
2014-04-22,1.3804,1037.45
2014-04-23,1.3814,1039.35
2014-04-24,1.3828,1039.5
2014-04-25,1.3838,1040.95
2014-04-28,1.3844,1034.9
2014-04-29,1.3808,1029.83
2014-04-30,1.387,1032.85
2014-05-01,1.3867,1032.75
2014-05-02,1.3864,1029.55
2014-05-05,1.3884,1029.5
2014-05-06,1.3924,1029.5
2014-05-07,1.3917,1022.46
2014-05-08,1.3864,1022.6
2014-05-09,1.3763,1024.23
2014-05-12,1.376,1024.29
2014-05-13,1.3711,1021.85
2014-05-14,1.3718,1027.5
2014-05-15,1.3712,1025.1
2014-05-16,1.3708,1023.42
2014-05-19,1.3716,1021.87
2014-05-20,1.3702,1025.0
2014-05-21,1.3657,1026.7
2014-05-22,1.3652,1024.3
2014-05-23,1.3628,1024.45
2014-05-27,1.3618,1022.95
2014-05-28,1.3596,1021.7
2014-05-29,1.3608,1020.5
2014-05-30,1.364,1020.3
2014-06-02,1.3606,1024.0
2014-06-03,1.3624,1023.0
2014-06-04,1.3619,1023.0
2014-06-05,1.3618,1019.7
2014-06-06,1.3639,1019.7
2014-06-09,1.3589,1016.35
2014-06-10,1.3543,1016.95
2014-06-11,1.3532,1015.6
2014-06-12,1.3556,1017.6
2014-06-13,1.3522,1017.8
2014-06-16,1.3578,1020.0
2014-06-17,1.3543,1022.3
2014-06-18,1.3567,1021.85
2014-06-19,1.362,1018.37
2014-06-20,1.3586,1020.81
2014-06-23,1.3593,1018.1
2014-06-24,1.3588,1018.05
2014-06-25,1.3638,1019.55
2014-06-26,1.361,1016.0
2014-06-27,1.3631,1013.3
2014-06-30,1.369,1011.6
2014-07-01,1.3681,1010.7
2014-07-02,1.3656,1009.1
2014-07-03,1.361,1008.85
2014-07-07,1.3604,1011.1
2014-07-08,1.3614,1011.5
2014-07-09,1.363,1012.1
2014-07-10,1.36,1013.1
2014-07-11,1.3598,1018.6
2014-07-14,1.362,1018.95
2014-07-15,1.3573,1026.75
2014-07-16,1.353,1031.9
2014-07-17,1.353,1028.95
2014-07-18,1.3515,1029.1
2014-07-21,1.3524,1026.65
2014-07-22,1.347,1024.2
2014-07-23,1.3462,1023.5
2014-07-24,1.3468,1029.05
2014-07-25,1.3431,1025.6
2014-07-28,1.344,1026.1
2014-07-29,1.341,1024.65
2014-07-30,1.3378,1024.55
2014-07-31,1.339,1027.75
2014-08-01,1.3436,1036.85
2014-08-04,1.3414,1032.95
2014-08-05,1.3366,1027.9
2014-08-06,1.3355,1033.75
2014-08-07,1.3362,1036.75
2014-08-08,1.3412,1036.4
2014-08-11,1.3385,1029.8
2014-08-12,1.3357,1026.9
2014-08-13,1.3367,1029.35
2014-08-14,1.3376,1026.9
2014-08-15,1.3392,1020.95
2014-08-18,1.3358,1017.35
2014-08-19,1.332,1017.35
2014-08-20,1.3284,1022.6
2014-08-21,1.3284,1023.4
2014-08-22,1.3237,1017.8
2014-08-25,1.3206,1019.65
2014-08-26,1.3189,1016.25
2014-08-27,1.3192,1013.95
2014-08-28,1.3178,1014.85
2014-08-29,1.315,1013.85
2014-09-02,1.3124,1018.2
2014-09-03,1.3136,1019.55
2014-09-04,1.2926,1018.7
2014-09-05,1.2956,1024.25
2014-09-08,1.2948,1024.0
2014-09-09,1.2909,1034.05
2014-09-10,1.2908,1034.2
2014-09-11,1.2936,1035.9
2014-09-12,1.2955,1034.9
2014-09-15,1.2951,1037.8
2014-09-16,1.2976,1035.95
2014-09-17,1.2958,1034.55
2014-09-18,1.2913,1043.3
2014-09-19,1.2835,1043.55
2014-09-22,1.2829,1040.75
2014-09-23,1.2858,1039.9
2014-09-24,1.2788,1039.77
2014-09-25,1.2748,1042.6
2014-09-26,1.2686,1044.1
2014-09-29,1.2703,1053.15
2014-09-30,1.2628,1054.55
2014-10-01,1.2618,1062.7
2014-10-02,1.267,1061.1
2014-10-03,1.2517,1061.1
2014-10-06,1.2592,1068.75
2014-10-07,1.2626,1069.4
2014-10-08,1.2683,1074.4
2014-10-09,1.2683,1062.6
2014-10-10,1.2636,1073.1
2014-10-14,1.266,1064.62
2014-10-15,1.2778,1058.9
2014-10-16,1.2812,1060.16
2014-10-17,1.2755,1063.62
2014-10-20,1.2783,1057.58
2014-10-21,1.2724,1054.69
2014-10-22,1.2658,1052.47
2014-10-23,1.2658,1057.87
2014-10-24,1.2675,1055.58
2014-10-27,1.2712,1050.99
2014-10-28,1.2747,1047.0
2014-10-29,1.2762,1043.89
2014-10-30,1.2622,1053.8
2014-10-31,1.253,1073.07
2014-11-03,1.2487,1077.63
2014-11-04,1.2554,1076.99
2014-11-05,1.2488,1089.38
2014-11-06,1.2414,1084.0
2014-11-07,1.2422,1086.5
2014-11-10,1.2425,1089.28
2014-11-12,1.2456,1093.62
2014-11-13,1.2476,1093.61
2014-11-14,1.2494,1102.23
2014-11-17,1.2447,1098.12
2014-11-18,1.2534,1096.64
2014-11-19,1.2548,1112.04
2014-11-20,1.2526,1111.96
2014-11-21,1.2394,1111.05
2014-11-24,1.2427,1114.66
2014-11-25,1.2472,1108.68
2014-11-26,1.2503,1103.26
2014-11-28,1.2438,1112.06
2014-12-01,1.249,1108.36
2014-12-02,1.239,1115.35
2014-12-03,1.2304,1114.57
2014-12-04,1.2432,1110.89
2014-12-05,1.2304,1117.74
2014-12-08,1.2292,1112.52
2014-12-09,1.2415,1102.31
2014-12-10,1.2425,1103.75
2014-12-11,1.2397,1101.83
2014-12-12,1.2484,1103.01
2014-12-15,1.247,1098.24
2014-12-16,1.2504,1080.83
2014-12-17,1.2406,1094.59
2014-12-18,1.2291,1101.75
2014-12-19,1.2235,1099.21
2014-12-22,1.2252,1097.77
2014-12-23,1.218,1104.84
2014-12-24,1.2188,1103.22
2014-12-29,1.2179,1097.34
2014-12-30,1.2174,1096.06
2014-12-31,1.2101,1090.89
2015-01-02,1.2015,1103.73
2015-01-05,1.1918,1109.07
2015-01-06,1.1936,1098.14
2015-01-07,1.182,1101.51
2015-01-08,1.1811,1096.19
2015-01-09,1.183,1086.14
2015-01-12,1.1832,1083.25
2015-01-13,1.1779,1080.42
2015-01-14,1.1806,1080.45
2015-01-15,1.1598,1077.94
2015-01-16,1.1517,1076.68
2015-01-20,1.1559,1087.17
2015-01-21,1.1584,1081.94
2015-01-22,1.1414,1081.75
2015-01-23,1.1279,1075.75
2015-01-26,1.129,1079.42
2015-01-27,1.137,1075.31
2015-01-28,1.1342,1084.84
2015-01-29,1.1308,1098.6
2015-01-30,1.129,1104.3
2015-02-02,1.1337,1099.61
2015-02-03,1.1462,1096.06
2015-02-04,1.1418,1086.79
2015-02-05,1.1432,1087.05
2015-02-06,1.133,1097.26
2015-02-09,1.1316,1096.4
2015-02-10,1.1316,1098.61
2015-02-11,1.13,1108.19
2015-02-12,1.141,1100.87
2015-02-13,1.1408,1097.2
2015-02-17,1.1395,1107.33
2015-02-18,1.1342,1112.82
2015-02-19,1.1392,1110.69
2015-02-20,1.1372,1110.06
2015-02-23,1.1346,1108.25
2015-02-24,1.1307,1108.05
2015-02-25,1.1363,1101.53
2015-02-26,1.1212,1100.33
2015-02-27,1.1197,1100.65
2015-03-02,1.119,1101.46
2015-03-03,1.1212,1095.65
2015-03-04,1.107,1100.2
2015-03-05,1.1006,1100.11
2015-03-06,1.0855,1110.36
2015-03-09,1.0846,1114.18
2015-03-10,1.0707,1123.32
2015-03-11,1.0576,1131.33
2015-03-12,1.0615,1120.13
2015-03-13,1.0524,1135.7
2015-03-16,1.0575,1129.62
2015-03-17,1.0605,1127.69
2015-03-18,1.0643,1127.09
2015-03-19,1.0621,1121.21
2015-03-20,1.0792,1113.87
2015-03-23,1.0928,1106.68
2015-03-24,1.0908,1104.2
2015-03-25,1.0986,1099.72
2015-03-26,1.0919,1103.59
2015-03-27,1.0891,1103.6
2015-03-30,1.0818,1106.39
2015-03-31,1.0741,1107.71
2015-04-01,1.0768,1098.1
2015-04-02,1.0874,1089.49
2015-04-03,1.099,1085.65
2015-04-06,1.1008,1083.38
2015-04-07,1.085,1093.76
2015-04-08,1.0818,1093.77
2015-04-09,1.0671,1093.8
2015-04-10,1.0598,1093.13
2015-04-13,1.0582,1100.41
2015-04-14,1.0672,1090.76
2015-04-15,1.0596,1095.07
2015-04-16,1.0742,1086.89
2015-04-17,1.078,1081.99
2015-04-20,1.0763,1081.27
2015-04-21,1.0758,1081.54
2015-04-22,1.0729,1080.64
2015-04-23,1.0803,1080.0
2015-04-24,1.0876,1075.85
2015-04-27,1.0892,1071.01
2015-04-28,1.0979,1063.03
2015-04-29,1.1174,1066.48
2015-04-30,1.1162,1076.74
2015-05-01,1.1194,1080.22
2015-05-04,1.1145,1081.19
2015-05-05,1.1174,1080.46
2015-05-06,1.1345,1077.23
2015-05-07,1.1283,1093.55
2015-05-08,1.1241,1087.28
2015-05-11,1.1142,1095.39
2015-05-12,1.124,1093.81
2015-05-13,1.1372,1089.72
2015-05-14,1.1368,1089.46
2015-05-15,1.1428,1083.05
2015-05-18,1.1354,1088.19
2015-05-19,1.1151,1093.94
2015-05-20,1.1079,1097.62
2015-05-21,1.1126,1092.41
2015-05-22,1.1033,1093.46
2015-05-26,1.0876,1106.06
2015-05-27,1.0888,1107.84
2015-05-28,1.0914,1109.86
2015-05-29,1.0994,1111.99
2015-06-01,1.0913,1115.61
2015-06-02,1.113,1109.34
2015-06-03,1.1285,1104.33
2015-06-04,1.1271,1112.56
2015-06-05,1.1108,1121.18
2015-06-08,1.1232,1121.95
2015-06-09,1.1284,1119.38
2015-06-10,1.1307,1110.32
2015-06-11,1.1236,1113.24
2015-06-12,1.1278,1111.63
2015-06-15,1.1266,1114.94
2015-06-16,1.1238,1118.08
2015-06-17,1.1244,1122.83
2015-06-18,1.1404,1101.55
2015-06-19,1.1335,1102.64
2015-06-22,1.1378,1098.85
2015-06-23,1.119,1104.54
2015-06-24,1.1178,1110.67
2015-06-25,1.1196,1111.05
2015-06-26,1.1156,1122.31
2015-06-29,1.118,1119.09
2015-06-30,1.1154,1117.34
2015-07-01,1.1084,1123.89
2015-07-02,1.109,1119.95
2015-07-06,1.1076,1125.58
2015-07-07,1.0952,1133.75
2015-07-08,1.1072,1131.75
2015-07-09,1.1025,1133.69
2015-07-10,1.115,1127.29
2015-07-13,1.102,1133.93
2015-07-14,1.1015,1142.75
2015-07-15,1.0965,1146.42
2015-07-16,1.0898,1145.24
2015-07-17,1.0848,1148.48
2015-07-20,1.085,1156.38
2015-07-21,1.0927,1148.33
2015-07-22,1.0884,1156.49
2015-07-23,1.0976,1160.64
2015-07-24,1.0976,1169.02
2015-07-27,1.1112,1167.75
2015-07-28,1.1055,1161.09
2015-07-29,1.1026,1158.49
2015-07-30,1.0914,1173.42
2015-07-31,1.1028,1159.7
2015-08-03,1.0962,1168.63
2015-08-04,1.0953,1161.2
2015-08-05,1.0868,1174.4
2015-08-06,1.0922,1163.25
2015-08-07,1.0958,1164.0
2015-08-10,1.0994,1161.69
2015-08-11,1.1042,1181.36
2015-08-12,1.1198,1175.03
2015-08-13,1.1144,1176.02
2015-08-14,1.111,1177.62
2015-08-17,1.1078,1181.53
2015-08-18,1.1028,1185.85
2015-08-19,1.1061,1184.35
2015-08-20,1.12,1185.63
2015-08-21,1.1356,1194.6
2015-08-24,1.158,1191.13
2015-08-25,1.141,1195.25
2015-08-26,1.139,1185.52
2015-08-27,1.1239,1170.49
2015-08-28,1.1172,1180.93
2015-08-31,1.1194,1182.54
2015-09-01,1.1263,1179.78
2015-09-02,1.1242,1183.46
2015-09-03,1.1104,1188.07
2015-09-04,1.1117,1196.4
2015-09-08,1.1182,1195.57
2015-09-09,1.1165,1186.52
2015-09-10,1.1262,1184.87
2015-09-11,1.1338,1182.25
2015-09-14,1.1307,1181.17
2015-09-15,1.126,1178.69
2015-09-16,1.1304,1169.77
2015-09-17,1.1312,1163.11
2015-09-18,1.1358,1164.13
2015-09-21,1.1204,1179.24
2015-09-22,1.1133,1186.1
2015-09-23,1.116,1193.96
2015-09-24,1.1252,1195.48
2015-09-25,1.1192,1190.14
2015-09-28,1.1236,1193.32
2015-09-29,1.1246,1194.28
2015-09-30,1.1162,1184.62
2015-10-01,1.12,1180.04
2015-10-02,1.1276,1175.48
2015-10-05,1.12,1158.54
2015-10-06,1.1266,1160.7
2015-10-07,1.1249,1153.72
2015-10-08,1.1282,1155.57
2015-10-09,1.1363,1145.67
2015-10-13,1.1382,1147.42
2015-10-14,1.1437,1140.39
2015-10-15,1.1418,1120.9
2015-10-16,1.136,1130.73
2015-10-19,1.132,1130.57
2015-10-20,1.1359,1128.64
2015-10-21,1.1345,1137.09
2015-10-22,1.114,1131.48
2015-10-23,1.1016,1135.0
2015-10-26,1.1051,1127.47
2015-10-27,1.1052,1134.57
2015-10-28,1.1066,1130.31
2015-10-29,1.0963,1142.39
2015-10-30,1.1042,1140.5
2015-11-02,1.1026,1140.5
2015-11-03,1.0946,1140.5
2015-11-04,1.0861,1136.45
2015-11-05,1.0869,1140.5
2015-11-06,1.0746,1140.5
2015-11-09,1.0767,1160.42
2015-11-10,1.0686,1158.34
2015-11-12,1.0768,1158.6
2015-11-13,1.0722,1169.79
2015-11-16,1.0708,1172.67
2015-11-17,1.0634,1169.08
2015-11-18,1.0638,1167.89
2015-11-19,1.0746,1156.08
2015-11-20,1.066,1151.63
2015-11-23,1.0602,1159.14
2015-11-24,1.0652,1149.39
2015-11-25,1.0616,1140.67
2015-11-27,1.0596,1154.43
2015-11-30,1.0562,1149.39
2015-12-01,1.062,1149.39
2015-12-02,1.0573,1149.39
2015-12-03,1.0902,1149.39
2015-12-04,1.0884,1149.39
2015-12-07,1.084,1172.68
2015-12-08,1.0876,1179.6
2015-12-09,1.0984,1181.75
2015-12-10,1.0948,1176.39
2015-12-11,1.1002,1188.0
2015-12-14,1.1025,1186.2
2015-12-15,1.0911,1176.66
2015-12-16,1.0937,1177.19
2015-12-17,1.0804,1187.7
2015-12-18,1.0847,1178.04
2015-12-21,1.092,1173.87
2015-12-22,1.0978,1169.26
2015-12-23,1.0875,1140.67
2015-12-24,1.0955,1167.94
2015-12-28,1.0983,1169.26
2015-12-29,1.0916,1169.26
2015-12-30,1.0912,1177.53
2015-12-31,1.0859,1169.26
2016-01-04,1.0803,1191.46
2016-01-05,1.0743,1190.43
2016-01-06,1.0762,1200.16
2016-01-07,1.086,1193.05
2016-01-08,1.0885,1206.97
2016-01-11,1.0878,1206.55
2016-01-12,1.0837,1208.95
2016-01-13,1.0862,1208.95
2016-01-14,1.0862,1211.28
2016-01-15,1.0964,1216.95
2016-01-19,1.0906,1205.61
2016-01-20,1.0908,1215.4
2016-01-21,1.0833,1204.31
2016-01-22,1.0814,1195.66
2016-01-25,1.0832,1194.3
2016-01-26,1.0846,1199.64
2016-01-27,1.0867,1199.25
2016-01-28,1.0952,1204.08
2016-01-29,1.0832,1210.04
2016-02-01,1.0888,1203.19
2016-02-02,1.0908,1212.01
2016-02-03,1.1051,1211.33
2016-02-04,1.1199,1186.11
2016-02-05,1.1131,1204.69
2016-02-08,1.117,1205.1
2016-02-09,1.13,1200.39
2016-02-10,1.1222,1189.69
2016-02-11,1.1362,1196.89
2016-02-12,1.1235,1205.13
2016-02-16,1.114,1219.44
2016-02-17,1.114,1222.32
2016-02-18,1.1092,1231.15
2016-02-19,1.1127,1231.09
2016-02-22,1.1018,1223.32
2016-02-23,1.1016,1230.05
2016-02-24,1.1021,1234.6
2016-02-25,1.1026,1237.39
2016-02-26,1.0932,1242.59
2016-02-29,1.0868,1238.09
2016-03-01,1.0847,1229.56
2016-03-02,1.0845,1227.59
2016-03-03,1.0948,1209.55
2016-03-04,1.101,1195.09
2016-03-07,1.1004,1200.08
2016-03-08,1.1028,1206.19
2016-03-09,1.1022,1206.82
2016-03-10,1.1162,1204.09
2016-03-11,1.118,1184.56
2016-03-14,1.1107,1187.39
2016-03-15,1.1112,1194.99
2016-03-16,1.1075,1190.59
2016-03-17,1.1316,1155.83
2016-03-18,1.1292,1160.11
2016-03-21,1.126,1157.33
2016-03-22,1.1228,1154.58
2016-03-23,1.1174,1166.59
2016-03-24,1.1163,1168.09
2016-03-25,1.1164,1168.19
2016-03-28,1.121,1163.39
2016-03-29,1.1204,1164.69
2016-03-30,1.133,1142.02
2016-03-31,1.139,1138.86
2016-04-01,1.1385,1147.15
2016-04-04,1.1386,1151.35
2016-04-05,1.1374,1158.39
2016-04-06,1.143,1155.28
2016-04-07,1.1386,1156.81
2016-04-08,1.1406,1148.89
2016-04-11,1.1412,1141.97
2016-04-12,1.1395,1144.53
2016-04-13,1.1281,1146.29
2016-04-14,1.1262,1151.99
2016-04-15,1.1295,1144.83
2016-04-18,1.1322,1144.48
2016-04-19,1.1375,1126.01
2016-04-20,1.133,1130.48
2016-04-21,1.1301,1135.49
2016-04-22,1.1239,1147.85
2016-04-25,1.1274,1147.76
2016-04-26,1.1318,1146.66
2016-04-27,1.1322,1151.5
2016-04-28,1.1325,1139.93
2016-04-29,1.1441,1144.09
2016-05-02,1.1516,1138.45
2016-05-03,1.1508,1148.69
2016-05-04,1.1486,1164.59
2016-05-05,1.1404,1165.93
2016-05-06,1.1421,1167.29
2016-05-09,1.1402,1174.25
2016-05-10,1.1386,1169.89
2016-05-11,1.1444,1162.47
2016-05-12,1.138,1168.7
2016-05-13,1.1294,1176.85
2016-05-16,1.1328,1177.21
2016-05-17,1.1337,1173.67
2016-05-18,1.1276,1185.77
2016-05-19,1.1214,1189.25
2016-05-20,1.1207,1186.93
2016-05-23,1.1192,1183.39
2016-05-24,1.1145,1186.39
2016-05-25,1.1154,1182.21
2016-05-26,1.1184,1178.09
2016-05-27,1.114,1180.59
2016-05-31,1.1135,1188.99
2016-06-01,1.1165,1192.09
2016-06-02,1.1157,1186.69
2016-06-03,1.133,1167.79
2016-06-06,1.1354,1162.28
2016-06-07,1.135,1154.8
2016-06-08,1.14,1153.83
2016-06-09,1.1329,1159.29
2016-06-10,1.1281,1167.61
2016-06-13,1.1282,1169.74
2016-06-14,1.1206,1176.78
2016-06-15,1.1239,1167.53
2016-06-16,1.1158,1176.49
2016-06-17,1.1256,1171.77
2016-06-20,1.1318,1156.8
2016-06-21,1.1262,1154.35
2016-06-22,1.1286,1147.99
2016-06-23,1.1373,1143.27
2016-06-24,1.1126,1167.56
2016-06-27,1.1024,1181.24
2016-06-28,1.1054,1169.31
2016-06-29,1.1117,1153.09
2016-06-30,1.1032,1154.15
2016-07-01,1.1145,1146.49
2016-07-05,1.108,1156.79
2016-07-06,1.1077,1160.59
2016-07-07,1.1065,1154.89
2016-07-08,1.1038,1148.71
2016-07-11,1.1045,1148.97
2016-07-12,1.1074,1146.47
2016-07-13,1.1112,1145.01
2016-07-14,1.1109,1130.65
2016-07-15,1.1059,1135.49
2016-07-18,1.1076,1134.39
2016-07-19,1.1014,1140.56
2016-07-20,1.1007,1142.33
2016-07-21,1.1016,1137.31
2016-07-22,1.0968,1137.49
2016-07-25,1.098,1140.8
2016-07-26,1.0984,1137.59
2016-07-27,1.0988,1135.09
2016-07-28,1.1094,1124.79
2016-07-29,1.1168,1112.89
2016-08-01,1.1176,1106.15
2016-08-02,1.1225,1108.35
2016-08-03,1.117,1116.21
2016-08-04,1.1134,1111.99
2016-08-05,1.108,1114.54
2016-08-08,1.1078,1108.24
2016-08-09,1.111,1101.45
2016-08-10,1.1171,1095.84
2016-08-11,1.1168,1097.39
2016-08-12,1.1172,1100.79
2016-08-15,1.1199,1095.83
2016-08-16,1.1277,1093.95
2016-08-17,1.1263,1114.25
2016-08-18,1.1334,1107.41
2016-08-19,1.1326,1116.37
2016-08-22,1.1314,1120.93
2016-08-23,1.1308,1116.91
2016-08-24,1.1256,1121.34
2016-08-25,1.1274,1115.23
2016-08-26,1.1237,1111.47
2016-08-29,1.1182,1121.53
2016-08-30,1.115,1118.27
2016-08-31,1.1146,1115.98
2016-09-01,1.1194,1116.89
2016-09-02,1.1158,1114.87
2016-09-06,1.1237,1093.04
2016-09-07,1.1238,1090.03
2016-09-08,1.1256,1095.27
2016-09-09,1.1214,1106.83
2016-09-12,1.123,1112.03
2016-09-13,1.1242,1124.61
2016-09-14,1.1271,1123.81
2016-09-15,1.1246,1122.83
2016-09-16,1.116,1127.37
2016-09-19,1.1179,1117.44
2016-09-20,1.1172,1117.34
2016-09-21,1.1165,1112.17
2016-09-22,1.1229,1100.59
2016-09-23,1.1223,1102.21
2016-09-26,1.127,1106.99
2016-09-27,1.1208,1099.22
2016-09-28,1.12,1096.73
2016-09-29,1.1244,1097.39
2016-09-30,1.1238,1097.98
2016-10-03,1.121,1104.79
2016-10-04,1.1212,1110.77
2016-10-05,1.1196,1114.53
2016-10-06,1.1158,1114.53
2016-10-07,1.1156,1115.95
2016-10-11,1.1062,1124.21
2016-10-12,1.1014,1127.23
2016-10-13,1.1038,1133.31
2016-10-14,1.0985,1133.13
2016-10-17,1.1,1137.61
2016-10-18,1.0997,1123.75
2016-10-19,1.0966,1120.01
2016-10-20,1.0934,1128.39
2016-10-21,1.0866,1137.17
2016-10-24,1.0888,1135.4
2016-10-25,1.089,1129.89
2016-10-26,1.0916,1134.94
2016-10-27,1.0904,1145.85
2016-10-28,1.0934,1146.49
2016-10-31,1.0962,1145.37
2016-11-01,1.1042,1142.68
2016-11-02,1.1119,1148.39
2016-11-03,1.1094,1142.68
2016-11-04,1.1121,1142.68
2016-11-07,1.1038,1141.27
2016-11-08,1.1034,1131.39
2016-11-09,1.0952,1150.64
2016-11-10,1.0882,1162.11
2016-11-14,1.0723,1171.25
2016-11-15,1.0726,1170.21
2016-11-16,1.0699,1172.41
2016-11-17,1.0656,1176.03
2016-11-18,1.06,1177.71
2016-11-21,1.0597,1178.51
2016-11-22,1.0618,1173.25
2016-11-23,1.056,1181.57
2016-11-25,1.0595,1174.99
2016-11-28,1.0576,1170.53
2016-11-29,1.0626,1169.99
2016-11-30,1.0578,1175.87
2016-12-01,1.0634,1167.31
2016-12-02,1.0666,1167.7
2016-12-05,1.0723,1168.11
2016-12-06,1.0717,1171.5
2016-12-07,1.0758,1161.67
2016-12-08,1.0625,1162.49
2016-12-09,1.0541,1171.88
2016-12-12,1.0606,1164.37
2016-12-13,1.0635,1164.65
2016-12-14,1.0656,1165.13
2016-12-15,1.0375,1185.35
2016-12-16,1.0456,1183.72
2016-12-19,1.0444,1187.71
2016-12-20,1.039,1192.13
2016-12-21,1.0425,1193.91
2016-12-22,1.0452,1204.65
2016-12-23,1.0449,1201.51
2016-12-27,1.0458,1207.68
2016-12-28,1.0389,1212.22
2016-12-29,1.0486,1207.05
2016-12-30,1.0552,1203.73
2017-01-03,1.0416,1207.23
2017-01-04,1.0476,1198.07
2017-01-05,1.0598,1182.46
2017-01-06,1.056,1198.85
2017-01-09,1.0576,1200.51
2017-01-10,1.0572,1196.96
2017-01-11,1.0501,1197.59
2017-01-12,1.0666,1170.93
2017-01-13,1.0625,1177.81
2017-01-17,1.0695,1161.61
2017-01-18,1.0682,1170.73
2017-01-19,1.063,1177.03
2017-01-23,1.074,1165.82
2017-01-24,1.0749,1165.25
2017-01-25,1.0743,1164.13
2017-01-26,1.067,1169.61
2017-01-27,1.069,1175.73
2017-01-30,1.0681,1171.27
2017-01-31,1.0794,1151.45
2017-02-01,1.0758,1154.45
2017-02-02,1.0802,1139.9
2017-02-03,1.0792,1134.65
2017-02-06,1.0731,1134.87
2017-02-07,1.069,1142.89
2017-02-08,1.0708,1143.25
2017-02-09,1.0658,1149.88
2017-02-10,1.065,1146.78
2017-02-13,1.0603,1150.16
2017-02-14,1.0577,1139.33
2017-02-15,1.0597,1136.46
2017-02-16,1.066,1140.57
2017-02-17,1.0614,1150.73
2017-02-21,1.0551,1143.63
2017-02-22,1.0555,1142.15
2017-02-23,1.0586,1129.84
2017-02-24,1.058,1130.41
2017-02-27,1.0624,1130.14
2017-02-28,1.0618,1129.17
2017-03-01,1.0564,1140.75
2017-03-02,1.0514,1146.9
2017-03-03,1.0552,1156.77
2017-03-06,1.0586,1154.36
2017-03-07,1.0582,1149.87
2017-03-08,1.0547,1154.69
2017-03-09,1.0586,1158.12
2017-03-10,1.0667,1150.37
2017-03-13,1.067,1150.37
2017-03-14,1.0645,1148.54
2017-03-15,1.063,1144.16
2017-03-16,1.0738,1148.54
2017-03-17,1.0742,1128.67
2017-03-20,1.0754,1112.29
2017-03-21,1.081,1118.23
2017-03-22,1.08,1117.91
2017-03-23,1.0787,1117.91
2017-03-24,1.0806,1116.69
2017-03-27,1.0882,1108.3
2017-03-28,1.0852,1111.51
2017-03-29,1.0756,1112.28
2017-03-30,1.0726,1114.11
2017-03-31,1.0698,1117.48
2017-04-03,1.0655,1117.65
2017-04-04,1.0664,1122.61
2017-04-05,1.0661,1126.58
2017-04-06,1.0651,1131.21
2017-04-07,1.0616,1133.89
2017-04-10,1.0606,1141.24
2017-04-11,1.0614,1147.77
2017-04-12,1.0611,1138.83
2017-04-13,1.063,1133.32
2017-04-14,1.0625,1136.67
2017-04-17,1.066,1134.25
2017-04-18,1.0706,1143.89
2017-04-19,1.0707,1142.37
2017-04-20,1.0758,1136.29
2017-04-21,1.0694,1134.22
2017-04-24,1.0846,1132.19
2017-04-25,1.0941,1126.54
2017-04-26,1.0872,1133.17
2017-04-27,1.0864,1133.83
2017-04-28,1.0895,1136.99
2017-05-01,1.0912,1134.87
2017-05-02,1.091,1129.16
2017-05-03,1.092,1131.25
2017-05-04,1.0967,1134.2
2017-05-05,1.0996,1136.49
2017-05-08,1.0928,1132.91
2017-05-09,1.0875,1134.84
2017-05-10,1.0873,1132.13
2017-05-11,1.0869,1127.51
2017-05-12,1.0926,1121.68
2017-05-15,1.0979,1115.01
2017-05-16,1.1072,1115.0
2017-05-17,1.1134,1118.67
2017-05-18,1.113,1129.17
2017-05-19,1.119,1116.71
2017-05-22,1.1236,1114.71
2017-05-23,1.1198,1125.02
2017-05-24,1.1175,1122.83
2017-05-25,1.1218,1119.71
2017-05-26,1.117,1118.67
2017-05-30,1.1183,1122.87
2017-05-31,1.1236,1119.58
2017-06-01,1.1214,1120.85
2017-06-02,1.127,1117.49
2017-06-05,1.125,1118.44
2017-06-06,1.1266,1118.53
2017-06-07,1.1236,1124.16
2017-06-08,1.1217,1122.73
2017-06-09,1.119,1123.51
2017-06-12,1.1204,1130.55
2017-06-13,1.1194,1127.79
2017-06-14,1.1277,1116.45
2017-06-15,1.1152,1129.91
2017-06-16,1.1194,1133.2
2017-06-19,1.116,1134.69
2017-06-20,1.1124,1141.33
2017-06-21,1.1143,1143.01
2017-06-22,1.1148,1143.01
2017-06-23,1.1196,1132.99
2017-06-26,1.1196,1132.48
2017-06-27,1.13,1137.77
2017-06-28,1.1364,1141.91
2017-06-29,1.142,1144.07
2017-06-30,1.1411,1143.75
2017-07-03,1.1367,1149.26
2017-07-05,1.1336,1153.06
2017-07-06,1.1409,1156.55
2017-07-07,1.1396,1153.85
2017-07-10,1.1396,1149.35
2017-07-11,1.143,1149.83
2017-07-12,1.1411,1138.32
2017-07-13,1.1385,1137.22
2017-07-14,1.1452,1127.79
2017-07-17,1.147,1127.74
2017-07-18,1.1578,1123.69
2017-07-19,1.1518,1122.92
2017-07-20,1.1634,1120.77
2017-07-21,1.1655,1117.47
2017-07-24,1.1642,1113.82
2017-07-25,1.1656,1117.02
2017-07-26,1.1632,1117.76
2017-07-27,1.1656,1115.15
2017-07-28,1.1754,1121.49
2017-07-31,1.1826,1121.86
2017-08-01,1.1799,1121.09
2017-08-02,1.1861,1121.55
2017-08-03,1.188,1127.73
2017-08-04,1.1754,1128.02
2017-08-07,1.1788,1127.39
2017-08-08,1.1724,1125.6
2017-08-09,1.1748,1138.69
2017-08-10,1.1751,1144.36
2017-08-11,1.1811,1141.57
2017-08-14,1.1786,1137.22
2017-08-15,1.1736,1135.47
2017-08-16,1.1703,1137.75
2017-08-17,1.1736,1138.23
2017-08-18,1.1748,1139.83
2017-08-21,1.1814,1137.14
2017-08-22,1.1762,1131.79
2017-08-23,1.1802,1128.59
2017-08-24,1.1801,1127.8
2017-08-25,1.1874,1121.73
2017-08-28,1.1973,1117.75
2017-08-29,1.2025,1122.5
2017-08-30,1.1927,1122.05
2017-08-31,1.1894,1122.36
2017-09-01,1.1878,1119.12
2017-09-05,1.1911,1130.01
2017-09-06,1.1943,1132.49
2017-09-07,1.2028,1125.49
2017-09-08,1.2041,1133.08
2017-09-11,1.1964,1129.75
2017-09-12,1.1968,1126.56
2017-09-13,1.1898,1129.37
2017-09-14,1.1886,1132.59
2017-09-15,1.1959,1130.68
2017-09-18,1.1938,1127.07
2017-09-19,1.198,1128.83
2017-09-20,1.1998,1125.53
2017-09-21,1.1946,1130.87
2017-09-22,1.1969,1130.39
2017-09-25,1.1852,1134.59
2017-09-26,1.1772,1136.29
2017-09-27,1.1747,1141.62
2017-09-28,1.1776,1145.08
2017-09-29,1.1813,1142.57
2017-10-02,1.1745,1146.18
2017-10-03,1.1759,1140.5
2017-10-04,1.176,1140.44
2017-10-05,1.1706,1139.03
2017-10-06,1.1732,1143.46
2017-10-10,1.1804,1132.08
2017-10-11,1.1847,1131.04
2017-10-12,1.184,1129.71
2017-10-13,1.1837,1125.01
2017-10-16,1.181,1127.72
2017-10-17,1.1754,1129.86
2017-10-18,1.1775,1130.94
2017-10-19,1.1842,1129.06
2017-10-20,1.177,1130.69
2017-10-23,1.1762,1129.73
2017-10-24,1.1766,1128.36
2017-10-25,1.1802,1126.49
2017-10-26,1.17,1123.0
2017-10-27,1.158,1124.79
2017-10-30,1.1626,1124.79
2017-10-31,1.1648,1115.68
2017-11-01,1.1618,1110.03
2017-11-02,1.1672,1111.54
2017-11-03,1.1616,1114.86
2017-11-06,1.16,1110.09
2017-11-07,1.1577,1113.1
2017-11-08,1.1591,1111.14
2017-11-09,1.1648,1118.13
2017-11-13,1.1656,1119.96
2017-11-14,1.1764,1113.65
2017-11-15,1.1794,1103.9
2017-11-16,1.1772,1094.49
2017-11-17,1.1799,1093.15
2017-11-20,1.1741,1093.15
2017-11-21,1.1741,1088.1
2017-11-22,1.1789,1085.66
2017-11-24,1.1936,1082.59
2017-11-27,1.1911,1088.36
2017-11-28,1.1878,1079.87
2017-11-29,1.1858,1079.33
2017-11-30,1.1898,1084.79
2017-12-01,1.191,1082.36
2017-12-04,1.1848,1082.36
2017-12-05,1.182,1086.85
2017-12-06,1.1788,1094.55
2017-12-07,1.179,1090.68
2017-12-08,1.1761,1092.03
2017-12-11,1.1802,1092.03
2017-12-12,1.1725,1090.09
2017-12-13,1.1762,1088.01
2017-12-14,1.1778,1088.09
2017-12-15,1.1778,1086.39
2017-12-18,1.1804,1084.28
2017-12-19,1.1822,1084.29
2017-12-20,1.1881,1078.14
2017-12-21,1.1872,1078.08
2017-12-22,1.1839,1076.87
2017-12-26,1.1867,1073.75
2017-12-27,1.1902,1073.13
2017-12-28,1.1952,1068.64
2017-12-29,1.2022,1067.42
2018-01-02,1.205,1059.39
2018-01-03,1.203,1063.11
2018-01-04,1.2064,1061.5
2018-01-05,1.2039,1060.07
2018-01-08,1.1973,1066.26
2018-01-09,1.1922,1068.8
2018-01-10,1.1958,1067.55
2018-01-11,1.2035,1062.67
2018-01-12,1.213,1062.09
2018-01-16,1.2244,1064.19
2018-01-17,1.2229,1066.72
2018-01-18,1.2238,1069.35
2018-01-19,1.2238,1065.81
2018-01-22,1.223,1068.06
2018-01-23,1.2277,1072.59
2018-01-24,1.239,1065.39
2018-01-25,1.2488,1057.57
2018-01-26,1.2422,1064.12
2018-01-29,1.2352,1071.28
2018-01-30,1.239,1073.61
2018-01-31,1.2428,1068.33
2018-02-01,1.2482,1069.33
2018-02-02,1.2446,1086.21
2018-02-05,1.2418,1086.79
2018-02-06,1.2381,1081.2
2018-02-07,1.2281,1082.56
2018-02-08,1.2238,1093.04
2018-02-09,1.2226,1087.99
2018-02-12,1.2267,1082.27
2018-02-13,1.2363,1083.07
2018-02-14,1.2396,1076.71
2018-02-15,1.2482,1065.69
2018-02-16,1.2442,1065.27
2018-02-20,1.2348,1072.85
2018-02-21,1.2314,1076.11
2018-02-22,1.2326,1077.61
2018-02-23,1.2298,1075.77
2018-02-26,1.2296,1069.0
2018-02-27,1.2239,1077.43
2018-02-28,1.2211,1082.12
2018-03-01,1.2216,1081.33
2018-03-02,1.2314,1080.25
2018-03-05,1.233,1076.75
2018-03-06,1.2415,1061.53
2018-03-07,1.2397,1067.93
2018-03-08,1.2314,1074.21
2018-03-09,1.2326,1066.59
2018-03-12,1.2318,1063.7
2018-03-13,1.2398,1062.14
2018-03-14,1.2362,1063.38
2018-03-15,1.2321,1065.89
2018-03-16,1.228,1068.4
2018-03-19,1.2329,1072.29
2018-03-20,1.2271,1070.61
2018-03-21,1.2268,1070.51
2018-03-22,1.231,1079.51
2018-03-23,1.236,1081.29
2018-03-26,1.244,1076.87
2018-03-27,1.241,1071.21
2018-03-28,1.2351,1063.03
2018-03-29,1.2297,1060.31
2018-03-30,1.232,1060.99
2018-04-02,1.2288,1056.03
2018-04-03,1.2261,1054.63
2018-04-04,1.2292,1059.5
2018-04-05,1.223,1061.56
2018-04-06,1.2274,1068.73
2018-04-09,1.232,1067.11
2018-04-10,1.2338,1064.53
2018-04-11,1.2384,1066.76
2018-04-12,1.232,1069.84
2018-04-13,1.2322,1070.55
2018-04-16,1.2373,1071.59
2018-04-17,1.2345,1066.56
2018-04-18,1.238,1064.51
2018-04-19,1.2336,1065.68
2018-04-20,1.2282,1071.0
2018-04-23,1.2216,1077.72
2018-04-24,1.2226,1074.8
2018-04-25,1.2178,1082.99
2018-04-26,1.2113,1078.2
2018-04-27,1.2108,1067.59
2018-04-30,1.2074,1069.07
2018-05-01,1.2,1071.91
2018-05-02,1.1968,1076.52
2018-05-03,1.197,1078.33
2018-05-04,1.1946,1074.09
2018-05-07,1.1927,1079.72
2018-05-08,1.1863,1078.35
2018-05-09,1.1852,1078.22
2018-05-10,1.1896,1065.41
2018-05-11,1.1951,1067.14
2018-05-14,1.1976,1068.83
2018-05-15,1.1864,1076.46
2018-05-16,1.1788,1076.66
2018-05-17,1.1798,1082.37
2018-05-18,1.1775,1080.91
2018-05-21,1.1768,1079.33
2018-05-22,1.1783,1073.3
2018-05-23,1.1693,1078.88
2018-05-24,1.1729,1082.77
2018-05-25,1.1666,1076.35
2018-05-29,1.1551,1082.59
2018-05-30,1.1664,1077.62
2018-05-31,1.167,1080.75
2018-06-01,1.1679,1071.27
2018-06-04,1.1696,1070.13
2018-06-05,1.1672,1071.86
2018-06-06,1.1778,1065.9
2018-06-07,1.1815,1071.11
2018-06-08,1.1773,1075.0
2018-06-11,1.1802,1075.08
2018-06-12,1.1792,1077.14
2018-06-13,1.1784,1082.59
2018-06-14,1.1634,1084.06
2018-06-15,1.1616,1101.89
2018-06-18,1.1606,1105.07
2018-06-19,1.1577,1110.64
2018-06-20,1.1592,1107.42
2018-06-21,1.16,1110.01
2018-06-22,1.163,1114.49
2018-06-25,1.1694,1114.4
2018-06-26,1.1675,1118.08
2018-06-27,1.1588,1121.57
2018-06-28,1.1582,1121.96
2018-06-29,1.1677,1111.79
2018-07-02,1.1604,1119.31
2018-07-03,1.1653,1114.41
2018-07-05,1.1697,1118.2
2018-07-06,1.1738,1114.98
2018-07-09,1.1744,1111.38
2018-07-10,1.1728,1113.81
2018-07-11,1.1722,1122.1
2018-07-12,1.1692,1121.38
2018-07-13,1.1667,1130.3
2018-07-16,1.171,1127.81
2018-07-17,1.1664,1125.63
2018-07-18,1.1645,1130.76
2018-07-19,1.1604,1136.38
2018-07-20,1.1708,1128.16
2018-07-23,1.1702,1134.45
2018-07-24,1.1684,1127.39
2018-07-25,1.1677,1122.59
2018-07-26,1.1654,1121.72
2018-07-27,1.166,1115.77
2018-07-30,1.1718,1116.98
2018-07-31,1.1706,1112.75
2018-08-01,1.1666,1118.15
2018-08-02,1.1612,1126.91
2018-08-03,1.1597,1122.68
2018-08-06,1.1564,1125.9
2018-08-07,1.1597,1118.0
2018-08-08,1.1598,1119.01
2018-08-09,1.1566,1119.0
2018-08-10,1.1399,1130.19
2018-08-13,1.1396,1133.19
2018-08-14,1.1351,1128.9
2018-08-15,1.1332,1135.3
2018-08-16,1.1388,1125.35
2018-08-17,1.141,1123.2
2018-08-20,1.1438,1121.3
2018-08-21,1.1534,1117.41
2018-08-22,1.1595,1117.0
2018-08-23,1.1567,1123.37
2018-08-24,1.1625,1113.3
2018-08-27,1.1676,1107.69
2018-08-28,1.172,1105.14
2018-08-29,1.1699,1109.2
2018-08-30,1.1646,1113.13
2018-08-31,1.1596,1116.5
2018-09-04,1.1566,1117.5
2018-09-05,1.162,1121.0
2018-09-06,1.1624,1122.4
2018-09-07,1.1572,1123.5
2018-09-10,1.1604,1127.9
2018-09-11,1.1591,1126.17
2018-09-12,1.1626,1121.62
2018-09-13,1.1672,1120.9
2018-09-14,1.1656,1119.0
2018-09-17,1.1687,1124.71
2018-09-18,1.1693,1122.18
2018-09-19,1.1685,1120.61
2018-09-20,1.1744,1119.58
2018-09-21,1.1739,1114.3
2018-09-24,1.1773,1119.28
2018-09-25,1.177,1118.12
2018-09-26,1.1758,1114.64
2018-09-27,1.167,1113.41
2018-09-28,1.1622,1109.76
2018-10-01,1.1567,1112.53
2018-10-02,1.156,1112.43
2018-10-03,1.1525,1121.42
2018-10-04,1.1508,1130.78
2018-10-05,1.1502,1131.25
2018-10-09,1.1482,1132.87
2018-10-10,1.1541,1138.9
2018-10-11,1.1565,1134.16
2018-10-12,1.1559,1130.82
2018-10-15,1.1594,1129.3
2018-10-16,1.1593,1123.88
2018-10-17,1.154,1126.2
2018-10-18,1.1494,1138.06
2018-10-19,1.1513,1131.13
2018-10-22,1.1467,1132.7
2018-10-23,1.148,1137.53
2018-10-24,1.1389,1136.66
2018-10-25,1.1374,1134.9
2018-10-26,1.1388,1141.74
2018-10-29,1.139,1139.81
2018-10-30,1.1364,1137.68
2018-10-31,1.1332,1140.78
2018-11-01,1.1396,1126.19
2018-11-02,1.1378,1117.72
2018-11-05,1.1394,1122.13
2018-11-06,1.1412,1121.31
2018-11-07,1.1459,1117.52
2018-11-08,1.1416,1118.99
2018-11-09,1.1325,1131.4
2018-11-13,1.1288,1132.29
2018-11-14,1.1312,1132.1
2018-11-15,1.1324,1127.2
2018-11-16,1.1402,1124.81
2018-11-19,1.1448,1126.08
2018-11-20,1.1391,1128.53
2018-11-21,1.1393,1127.3
2018-11-23,1.1332,1130.9
2018-11-26,1.1336,1126.69
2018-11-27,1.1281,1129.41
2018-11-28,1.1286,1127.81
2018-11-29,1.1382,1119.91
2018-11-30,1.1323,1118.61
2018-12-03,1.1356,1110.2
2018-12-04,1.1345,1108.82
2018-12-06,1.1374,1122.07
2018-12-07,1.139,1121.8
2018-12-10,1.1368,1128.3
2018-12-11,1.1314,1128.6
2018-12-12,1.1362,1124.51
2018-12-13,1.1358,1124.73
2018-12-14,1.13,1133.2
2018-12-17,1.1339,1130.17
2018-12-18,1.1364,1127.76
2018-12-19,1.1422,1120.96
2018-12-20,1.1432,1123.87
2018-12-21,1.1402,1125.3
2018-12-26,1.1408,1124.23
2018-12-27,1.1412,1121.37
2018-12-28,1.1445,1114.9
2018-12-31,1.1456,1112.85
2019-01-02,1.1357,1119.11
2019-01-03,1.1399,1124.64
2019-01-04,1.141,1116.73
2019-01-07,1.1468,1117.5
2019-01-08,1.1444,1122.93
2019-01-09,1.1524,1117.7
2019-01-10,1.1517,1116.1
2019-01-11,1.1479,1117.18
2019-01-15,1.1392,1122.59
2019-01-16,1.1408,1119.1
2019-01-17,1.1386,1123.34
2019-01-18,1.1362,1122.8
2019-01-22,1.1359,1129.52
2019-01-23,1.139,1127.89
2019-01-24,1.1322,1126.33
2019-01-25,1.1407,1117.58
2019-01-28,1.1438,1118.7
2019-01-29,1.1424,1117.75
2019-01-30,1.1418,1117.29
2019-01-31,1.1454,1111.82
2019-02-01,1.1474,1118.31
2019-02-04,1.1438,1119.15
2019-02-05,1.1406,1117.2
2019-02-06,1.138,1119.35
2019-02-07,1.1357,1124.11
2019-02-08,1.1326,1123.14
2019-02-11,1.1277,1126.05
2019-02-12,1.1316,1122.27
2019-02-13,1.1288,1123.32
2019-02-14,1.1284,1128.0
2019-02-15,1.1268,1125.59
2019-02-19,1.1328,1124.54
2019-02-21,1.1338,1125.53
2019-02-22,1.1342,1121.07
2019-02-25,1.1345,1116.1
2019-02-26,1.1374,1116.88
2019-02-27,1.137,1117.74
2019-02-28,1.1379,1124.65
2019-03-01,1.1376,1126.76
2019-03-04,1.1328,1126.73
2019-03-05,1.13,1126.46
2019-03-06,1.132,1127.18
2019-03-07,1.1214,1133.18
2019-03-08,1.1243,1131.74
2019-03-11,1.1226,1133.05
2019-03-12,1.1276,1127.89
2019-03-13,1.131,1130.47
2019-03-14,1.1304,1135.05
2019-03-15,1.1326,1134.44
2019-03-18,1.1337,1131.74
2019-03-19,1.1346,1129.0
2019-03-20,1.1352,1128.25
2019-03-21,1.1361,1128.4
2019-03-22,1.1282,1136.8
2019-03-25,1.1324,1131.88
2019-03-26,1.128,1133.55
2019-03-27,1.125,1138.09
2019-03-28,1.1236,1136.65
2019-03-29,1.1228,1136.3
2019-04-01,1.121,1133.0
2019-04-02,1.1186,1137.16
2019-04-03,1.1242,1134.29
2019-04-04,1.1216,1136.05
2019-04-05,1.1217,1136.87
2019-04-08,1.1262,1143.25
2019-04-09,1.1278,1140.25
2019-04-10,1.1266,1137.26
2019-04-11,1.1262,1140.73
2019-04-12,1.1304,1133.0
2019-04-15,1.1304,1133.6
2019-04-16,1.1293,1136.13
2019-04-17,1.1297,1131.7
2019-04-18,1.1241,1136.2
2019-04-19,1.1246,1135.4
2019-04-22,1.1258,1140.52
2019-04-23,1.1213,1143.22
2019-04-24,1.1192,1155.65
2019-04-25,1.114,1160.15
2019-04-26,1.1154,1158.1
2019-04-29,1.1166,1160.0
2019-04-30,1.1201,1165.1
2019-05-01,1.1246,1161.61
2019-05-02,1.1184,1166.62
2019-05-03,1.1186,1165.95
2019-05-06,1.1197,1169.2
2019-05-07,1.1178,1172.5
2019-05-08,1.1206,1170.2
2019-05-09,1.1228,1183.1
2019-05-10,1.1241,1176.62
2019-05-13,1.1232,1186.94
2019-05-14,1.1207,1186.94
2019-05-15,1.1208,1188.74
2019-05-16,1.1178,1190.52
2019-05-17,1.1166,1195.07
2019-05-20,1.117,1193.81
2019-05-21,1.1158,1194.31
2019-05-22,1.1156,1194.36
2019-05-23,1.1172,1189.31
2019-05-24,1.1197,1186.2
2019-05-28,1.1177,1186.66
2019-05-29,1.1136,1186.66
2019-05-30,1.114,1189.14
2019-05-31,1.1149,1190.5
2019-06-03,1.1206,1180.97
2019-06-04,1.1236,1180.58
2019-06-05,1.1242,1178.24
2019-06-06,1.1294,1179.51
2019-06-07,1.1324,1181.27
2019-06-10,1.1311,1185.01
2019-06-11,1.1316,1178.88
2019-06-12,1.131,1182.82
2019-06-13,1.1275,1183.23
2019-06-14,1.1217,1184.7
2019-06-17,1.1235,1186.53
2019-06-18,1.1196,1185.37
2019-06-19,1.1214,1185.37
2019-06-20,1.1284,1159.05
2019-06-21,1.1328,1163.25
2019-06-24,1.1393,1156.14
2019-06-25,1.1386,1155.97
2019-06-26,1.139,1156.36
2019-06-27,1.1372,1157.86
2019-06-28,1.1374,1154.58
2019-07-01,1.1307,1158.5
2019-07-02,1.1301,1166.31
2019-07-03,1.1275,1171.14
2019-07-05,1.1216,1170.26
2019-07-08,1.1208,1181.31
2019-07-09,1.121,1180.2
2019-07-10,1.126,1181.58
2019-07-11,1.1261,1173.35
2019-07-12,1.1254,1178.71
2019-07-15,1.126,1179.04
2019-07-16,1.1212,1177.31
2019-07-17,1.1232,1181.09
2019-07-18,1.1228,1178.29
2019-07-19,1.122,1173.92
2019-07-22,1.1214,1178.17
2019-07-23,1.1156,1178.72
2019-07-24,1.1141,1177.54
2019-07-25,1.1156,1181.17
2019-07-26,1.1121,1184.51
2019-07-29,1.1142,1183.36
2019-07-30,1.1148,1181.94
2019-07-31,1.113,1182.74
2019-08-01,1.1062,1187.0
2019-08-02,1.1112,1196.59
2019-08-05,1.1197,1215.5
2019-08-06,1.1196,1214.83
2019-08-07,1.1236,1214.46
2019-08-08,1.121,1208.77
2019-08-09,1.1222,1214.15
2019-08-12,1.1212,1215.7
2019-08-13,1.1182,1220.7
2019-08-14,1.1144,1212.44
2019-08-15,1.1106,1214.34
2019-08-16,1.1091,1205.75
2019-08-19,1.1096,1210.6
2019-08-20,1.1092,1207.93
2019-08-21,1.1098,1202.0
2019-08-22,1.1089,1206.96
2019-08-23,1.1148,1210.5
2019-08-26,1.1112,1217.51
2019-08-27,1.1094,1211.38
2019-08-28,1.1084,1213.75
2019-08-29,1.1059,1216.14
2019-08-30,1.0989,1211.32
2019-09-03,1.0968,1212.44
2019-09-04,1.1025,1207.84
2019-09-05,1.1038,1200.18
2019-09-06,1.1042,1196.81
2019-09-09,1.1056,1192.33
2019-09-10,1.1042,1191.22
2019-09-11,1.1001,1191.51
2019-09-12,1.1074,1180.7
2019-09-13,1.1074,1176.62
2019-09-16,1.1006,1182.96
2019-09-17,1.1063,1186.1
2019-09-18,1.1061,1191.51
2019-09-19,1.1046,1193.87
2019-09-20,1.1004,1188.16
2019-09-23,1.0991,1195.48
2019-09-24,1.0999,1196.52
2019-09-25,1.0949,1200.17
2019-09-26,1.0938,1201.99
2019-09-27,1.0942,1200.03
2019-09-30,1.0905,1195.85
2019-10-01,1.0932,1198.96
2019-10-02,1.0951,1205.47
2019-10-03,1.0991,1204.67
2019-10-04,1.0974,1192.93
2019-10-07,1.0984,1196.49
2019-10-08,1.0949,1193.24
2019-10-09,1.0978,1197.29
2019-10-10,1.1018,1190.06
2019-10-11,1.1039,1195.61
2019-10-15,1.1036,1184.67
2019-10-16,1.1075,1186.38
2019-10-17,1.1129,1179.05
2019-10-18,1.1155,1181.06
2019-10-21,1.1145,1172.57
2019-10-22,1.1138,1170.49
2019-10-23,1.1118,1172.07
2019-10-24,1.1098,1173.19
2019-10-25,1.1081,1171.58
2019-10-28,1.1094,1170.17
2019-10-29,1.1117,1163.03
2019-10-30,1.1123,1167.76
2019-10-31,1.1155,1169.1
2019-11-01,1.1169,1165.45
2019-11-04,1.1144,1159.29
2019-11-05,1.107,1157.64
2019-11-06,1.1076,1156.73
2019-11-07,1.1045,1154.44
2019-11-08,1.1019,1157.14
2019-11-12,1.1017,1160.8
2019-11-13,1.1004,1167.76
2019-11-14,1.1016,1169.82
2019-11-15,1.1046,1166.98
2019-11-18,1.1079,1163.76
2019-11-19,1.1075,1167.13
2019-11-20,1.1063,1169.8
2019-11-21,1.1067,1175.71
2019-11-22,1.1029,1179.33
2019-11-25,1.1009,1173.09
2019-11-26,1.1012,1175.59
2019-11-27,1.1002,1176.89
2019-11-29,1.1019,1181.33
2019-12-02,1.1075,1182.84
2019-12-03,1.1089,1190.31
2019-12-04,1.1076,1194.45
2019-12-05,1.1104,1189.23
2019-12-06,1.1052,1189.86
2019-12-09,1.1067,1189.45
2019-12-10,1.109,1191.01
2019-12-11,1.1092,1192.2
2019-12-12,1.1115,1186.41
2019-12-13,1.1128,1171.97
2019-12-16,1.1139,1171.8
2019-12-17,1.1148,1165.81
2019-12-18,1.1113,1168.02
2019-12-19,1.1128,1165.04
2019-12-20,1.1076,1160.3
2019-12-23,1.1091,1163.64
2019-12-24,1.1084,1163.21
2019-12-26,1.1102,1161.18
2019-12-27,1.1174,1160.87
2019-12-30,1.1217,1155.75
2019-12-31,1.1227,1155.46
2020-01-02,1.1166,1157.95
2020-01-03,1.1173,1165.15
2020-01-06,1.1187,1167.49
2020-01-07,1.1138,1166.21
2020-01-08,1.1117,1170.61
2020-01-09,1.1106,1158.63
2020-01-10,1.1119,1161.18
2020-01-13,1.1138,1156.25
2020-01-14,1.113,1156.28
2020-01-15,1.116,1156.84
2020-01-16,1.1131,1160.86
2020-01-17,1.1093,1159.08
2020-01-21,1.1096,1166.56
2020-01-22,1.1085,1165.68
2020-01-23,1.1041,1168.38
2020-01-24,1.1026,1166.91
2020-01-27,1.1019,1176.2
2020-01-28,1.1008,1176.23
2020-01-29,1.1004,1176.98
2020-01-30,1.1032,1191.94
2020-01-31,1.1082,1191.3
2020-02-03,1.1062,1194.8
2020-02-04,1.1043,1184.51
2020-02-05,1.1006,1187.25
2020-02-06,1.0979,1179.64
2020-02-07,1.095,1186.24
2020-02-10,1.0916,1186.96
2020-02-11,1.0917,1181.32
2020-02-12,1.0893,1178.98
2020-02-13,1.0848,1182.02
2020-02-14,1.0839,1183.2
2020-02-18,1.0815,1190.6
2020-02-19,1.0794,1191.1
2020-02-20,1.0797,1198.34
2020-02-21,1.0855,1207.91
2020-02-24,1.0857,1218.5
2020-02-25,1.0868,1214.45
2020-02-26,1.0887,1213.61
2020-02-27,1.0977,1217.03
2020-02-28,1.1001,1214.92
2020-03-02,1.1164,1190.89
2020-03-03,1.1175,1194.66
2020-03-04,1.113,1187.54
2020-03-05,1.1202,1181.11
2020-03-06,1.1319,1192.0
2020-03-09,1.142,1203.75
2020-03-10,1.1342,1193.1
2020-03-11,1.128,1194.16
2020-03-12,1.1081,1206.19
2020-03-13,1.1066,1211.7
2020-03-16,1.1139,1225.33
2020-03-17,1.0971,1240.98
2020-03-18,1.0833,1245.19
2020-03-19,1.0699,1250.86
2020-03-20,1.0682,1250.55
2020-03-23,1.076,1267.25
2020-03-24,1.0794,1249.88
2020-03-25,1.0835,1228.15
2020-03-26,1.1025,1233.47
2020-03-27,1.1059,1210.49
2020-03-30,1.1018,1224.11
2020-03-31,1.1016,1218.92
2020-04-01,1.0934,1229.65
2020-04-02,1.0862,1229.89
2020-04-03,1.0797,1230.56
2020-04-06,1.0808,1224.6
2020-04-07,1.0886,1220.43
2020-04-08,1.0864,1220.77
2020-04-09,1.0931,1219.71
2020-04-10,1.0951,1211.71
2020-04-13,1.0906,1217.72
2020-04-14,1.0971,1216.85
2020-04-15,1.0909,1224.55
2020-04-16,1.084,1228.21
2020-04-17,1.0883,1217.81
2020-04-20,1.0874,1217.29
2020-04-21,1.0854,1229.28
2020-04-22,1.0829,1234.79
2020-04-23,1.0815,1229.04
2020-04-24,1.0798,1233.88
2020-04-27,1.0829,1224.16
2020-04-28,1.0836,1224.83
2020-04-29,1.0853,1219.2
2020-04-30,1.0934,1203.95
2020-05-01,1.0998,1223.2
2020-05-04,1.0911,1228.81
2020-05-05,1.0844,1220.13
2020-05-06,1.0806,1222.03
2020-05-07,1.0815,1224.76
2020-05-08,1.0854,1216.47
2020-05-11,1.0818,1220.2
2020-05-12,1.0864,1222.0
2020-05-13,1.0837,1223.86
2020-05-14,1.08,1227.76
2020-05-15,1.0816,1230.71
2020-05-18,1.0904,1232.32
2020-05-19,1.0937,1225.19
2020-05-20,1.098,1230.02
2020-05-21,1.0953,1230.53
2020-05-22,1.0894,1236.53
2020-05-26,1.097,1234.24
2020-05-27,1.0969,1238.03
2020-05-28,1.1069,1239.28
2020-05-29,1.1107,1236.61
2020-06-01,1.1123,1224.79
2020-06-02,1.1166,1225.07
2020-06-03,1.1246,1216.08
2020-06-04,1.1322,1218.77
2020-06-05,1.1297,1202.79
2020-06-08,1.1293,1197.84
2020-06-09,1.1348,1197.04
2020-06-10,1.1355,1189.9
2020-06-11,1.1378,1196.34
2020-06-12,1.1253,1204.52
2020-06-15,1.127,1212.21
2020-06-16,1.1259,1207.26
2020-06-17,1.1219,1215.02
2020-06-18,1.1216,1211.65
2020-06-19,1.1189,1208.38
2020-06-22,1.126,1210.73
2020-06-23,1.1322,1206.43
2020-06-24,1.1272,1199.55
2020-06-25,1.1221,1203.59
2020-06-26,1.1215,1203.44
2020-06-29,1.1237,1200.91
2020-06-30,1.1237,1200.5
2020-07-01,1.1259,1201.84
2020-07-02,1.1237,1199.84
2020-07-06,1.1307,1192.66
2020-07-07,1.1299,1194.43
2020-07-08,1.1329,1194.63
2020-07-09,1.1298,1197.84
2020-07-10,1.1318,1204.34
2020-07-13,1.1364,1200.13
2020-07-14,1.1406,1205.24
2020-07-15,1.1406,1201.97
2020-07-16,1.1433,1202.97
2020-07-17,1.1438,1203.86
2020-07-20,1.1442,1202.26
2020-07-21,1.1495,1194.64
2020-07-22,1.1587,1194.83
2020-07-23,1.1623,1198.91
2020-07-24,1.1635,1203.17
2020-07-27,1.175,1195.94
2020-07-28,1.1733,1198.15
2020-07-29,1.177,1192.98
2020-07-30,1.1791,1196.3
2020-07-31,1.1822,1192.68
2020-08-03,1.175,1194.31
2020-08-04,1.1766,1194.53
2020-08-05,1.1898,1188.93
2020-08-06,1.1856,1185.29
2020-08-07,1.1776,1189.25
2020-08-10,1.1756,1186.28
2020-08-11,1.1764,1184.84
2020-08-12,1.1796,1184.09
2020-08-13,1.1818,1183.25
2020-08-14,1.1833,1186.53
2020-08-17,1.1869,1184.17
2020-08-18,1.1928,1184.74
2020-08-19,1.1898,1181.06
2020-08-20,1.1862,1187.66
2020-08-21,1.1775,1191.84
2020-08-24,1.1803,1189.11
2020-08-25,1.1818,1188.18
2020-08-26,1.1813,1185.6
2020-08-27,1.1824,1185.22
2020-08-28,1.1901,1181.62
2020-08-31,1.195,1187.48
2020-09-01,1.1949,1182.94
2020-09-02,1.184,1189.98
2020-09-03,1.1832,1188.04
2020-09-04,1.182,1190.6
2020-09-08,1.1789,1188.69
2020-09-09,1.181,1185.12
2020-09-10,1.188,1184.41
2020-09-11,1.1831,1186.55
2020-09-14,1.1874,1181.27
2020-09-15,1.1846,1179.99
2020-09-16,1.1835,1176.0
2020-09-17,1.1823,1174.25
2020-09-18,1.1857,1163.2
2020-09-21,1.1737,1166.75
2020-09-22,1.1703,1164.83
2020-09-23,1.1677,1164.56
2020-09-24,1.1666,1170.49
2020-09-25,1.1618,1172.71
2020-09-28,1.166,1168.08
2020-09-29,1.1717,1169.67
2020-09-30,1.1723,1165.97
2020-10-01,1.1752,1163.05
2020-10-02,1.1706,1166.08
2020-10-05,1.1784,1157.77
2020-10-06,1.1778,1162.0
2020-10-07,1.1766,1158.41
2020-10-08,1.1753,1152.44
2020-10-09,1.1819,1143.46
2020-10-13,1.1737,1147.4
2020-10-14,1.1755,1146.58
2020-10-15,1.1701,1143.03
2020-10-16,1.1717,1146.82
2020-10-19,1.1788,1141.76
2020-10-20,1.1824,1138.65
2020-10-21,1.187,1132.11
2020-10-22,1.1824,1135.26
2020-10-23,1.1844,1129.77
2020-10-26,1.1816,1127.77
2020-10-27,1.1834,1127.9
2020-10-28,1.1751,1133.76
2020-10-29,1.1658,1131.12
2020-10-30,1.1647,1133.99
2020-11-02,1.1634,1134.62
2020-11-03,1.1724,1134.3
2020-11-04,1.173,1137.37
2020-11-05,1.1809,1122.96
2020-11-06,1.1886,1121.0
2020-11-09,1.1811,1113.14
2020-11-10,1.181,1117.63
2020-11-12,1.1814,1112.95
2020-11-13,1.1824,1109.47
2020-11-16,1.1844,1106.88
2020-11-17,1.1862,1105.33
2020-11-18,1.1869,1105.72
2020-11-19,1.1843,1114.93
2020-11-20,1.1857,1114.48
2020-11-23,1.1826,1115.42
2020-11-24,1.1874,1110.93
2020-11-25,1.1908,1106.84
2020-11-30,1.1948,1105.79
2020-12-01,1.2039,1107.33
2020-12-02,1.2093,1100.15
2020-12-03,1.2152,1096.28
2020-12-04,1.2142,1081.85
2020-12-07,1.2138,1082.22
2020-12-08,1.2111,1085.4
2020-12-09,1.208,1083.78
2020-12-10,1.2118,1086.83
2020-12-11,1.2112,1091.23
2020-12-14,1.2145,1093.19
2020-12-15,1.2158,1092.22
2020-12-16,1.2175,1093.71
2020-12-17,1.2258,1092.96
2020-12-18,1.2236,1099.37
2020-12-21,1.223,1107.03
2020-12-22,1.2172,1107.12
2020-12-23,1.2194,1106.92
2020-12-28,1.2213,1096.67
2020-12-29,1.2252,1092.55
2020-12-30,1.228,1086.62
2020-12-31,1.223,1086.11
2021-01-04,1.2254,1081.62
2021-01-05,1.2295,1087.42
2021-01-06,1.229,1085.71
2021-01-07,1.2265,1086.78
2021-01-08,1.2252,1089.48
2021-01-11,1.2169,1097.39
2021-01-12,1.2168,1099.57
2021-01-13,1.2159,1098.31
2021-01-14,1.2156,1098.37
2021-01-15,1.2099,1099.39
2021-01-19,1.2126,1102.14
2021-01-21,1.2143,1097.91
2021-01-22,1.2179,1105.5
2021-01-25,1.2138,1101.02
2021-01-26,1.2147,1103.26
2021-01-27,1.2101,1104.09
2021-01-28,1.2122,1111.95
2021-01-29,1.2135,1118.35
2021-02-01,1.207,1116.48
2021-02-02,1.202,1115.88
2021-02-03,1.2025,1114.47
2021-02-04,1.1974,1120.02
2021-02-05,1.2035,1123.7
2021-02-08,1.2045,1119.22
2021-02-09,1.2106,1116.42
2021-02-10,1.2132,1106.9
2021-02-11,1.2127,1102.7
2021-02-12,1.2126,1102.16
2021-02-16,1.2107,1099.61
2021-02-17,1.2042,1107.44
2021-02-18,1.2078,1108.56
2021-02-19,1.2136,1105.81
2021-02-22,1.2155,1111.56
2021-02-23,1.2142,1110.25
2021-02-24,1.2143,1112.19
2021-02-25,1.2229,1107.73
2021-02-26,1.2093,1123.36
2021-03-01,1.2054,1118.59
2021-03-02,1.2079,1125.61
2021-03-03,1.2073,1123.96
2021-03-04,1.2045,1124.45
2021-03-05,1.1914,1124.85
2021-03-08,1.1849,1132.64
2021-03-09,1.1885,1140.63
2021-03-10,1.19,1139.85
2021-03-11,1.1978,1135.19
2021-03-12,1.1952,1133.09
2021-03-15,1.1917,1136.37
2021-03-16,1.1895,1129.69
2021-03-17,1.1905,1130.24
2021-03-18,1.1926,1123.51
2021-03-19,1.1909,1130.38
2021-03-22,1.1932,1128.19
2021-03-23,1.1872,1128.96
2021-03-24,1.1831,1133.35
2021-03-25,1.1777,1133.31
2021-03-26,1.1798,1129.26
2021-03-29,1.1779,1133.57
2021-03-30,1.1724,1133.44
2021-03-31,1.1743,1126.72
2021-04-01,1.1772,1131.63
2021-04-02,1.1763,1127.3
2021-04-05,1.181,1127.34
2021-04-06,1.1852,1117.12
2021-04-07,1.189,1116.21
2021-04-08,1.1904,1116.96
2021-04-09,1.1897,1120.84
2021-04-12,1.1907,1124.6
2021-04-13,1.1939,1125.63
2021-04-14,1.1974,1116.43
2021-04-15,1.1964,1115.04
2021-04-16,1.198,1114.93
2021-04-19,1.2028,1115.03
2021-04-20,1.2045,1116.68
2021-04-21,1.2033,1117.8
2021-04-22,1.2012,1117.3
2021-04-23,1.2069,1115.1
2021-04-26,1.2083,1110.88
2021-04-27,1.2079,1109.6
2021-04-28,1.2098,1112.28
2021-04-29,1.211,1108.54
2021-04-30,1.203,1115.58
2021-05-03,1.2059,1122.88
2021-05-04,1.2014,1122.05
2021-05-05,1.2003,1125.82
2021-05-06,1.2049,1121.94
2021-05-07,1.2165,1121.06
2021-05-10,1.217,1112.28
2021-05-11,1.2169,1119.38
2021-05-12,1.2074,1124.33
2021-05-13,1.207,1130.35
2021-05-14,1.2141,1126.76
2021-05-17,1.2155,1136.03
2021-05-18,1.2203,1129.67
2021-05-19,1.2216,1128.18
2021-05-20,1.2225,1127.74
2021-05-21,1.2178,1126.59
2021-05-24,1.221,1125.28
2021-05-25,1.2233,1123.21
2021-05-26,1.2204,1117.63
2021-05-27,1.2194,1117.47
2021-05-28,1.2194,1114.48
2021-06-01,1.2241,1106.43
2021-06-02,1.2213,1110.37
2021-06-03,1.2122,1117.63
2021-06-04,1.2173,1112.03
2021-06-07,1.22,1111.01
2021-06-08,1.218,1116.43
2021-06-09,1.2184,1116.58
2021-06-10,1.2173,1114.17
2021-06-11,1.2101,1116.57
2021-06-14,1.2126,1117.57
2021-06-15,1.212,1118.33
2021-06-16,1.2119,1118.42
2021-06-17,1.1911,1130.14
2021-06-18,1.1872,1135.28
2021-06-21,1.1909,1134.19
2021-06-22,1.191,1137.07
2021-06-23,1.195,1133.89
2021-06-24,1.1927,1131.5
2021-06-25,1.194,1127.36
2021-06-28,1.1938,1130.29
2021-06-29,1.1905,1131.68
2021-06-30,1.1848,1130.42
2021-07-01,1.1857,1134.37
2021-07-02,1.1848,1132.42
2021-07-06,1.1816,1137.17
2021-07-07,1.1803,1141.26
2021-07-08,1.184,1147.96
2021-07-09,1.1861,1145.08
2021-07-12,1.1858,1146.29
2021-07-13,1.1813,1146.29
2021-07-14,1.1826,1147.43
2021-07-15,1.1806,1141.21
2021-07-16,1.181,1139.35
2021-07-19,1.1804,1147.17
2021-07-20,1.1776,1150.45
2021-07-21,1.1799,1153.03
2021-07-22,1.1771,1149.99
2021-07-23,1.1761,1153.53
2021-07-26,1.181,1154.75
2021-07-27,1.1831,1156.32
2021-07-28,1.1809,1156.27
2021-07-29,1.1886,1142.09
2021-07-30,1.1864,1151.86
2021-08-02,1.1873,1150.72
2021-08-03,1.1859,1149.45
2021-08-04,1.1841,1142.99
2021-08-05,1.1838,1142.53
2021-08-06,1.1761,1145.87
2021-08-09,1.1749,1145.83
2021-08-10,1.1722,1152.5
2021-08-11,1.1737,1156.09
2021-08-12,1.1736,1162.78
2021-08-13,1.1796,1168.36
2021-08-16,1.1776,1166.78
2021-08-17,1.1714,1177.08
2021-08-18,1.1702,1170.18
2021-08-19,1.1693,1173.89
2021-08-20,1.169,1180.4
2021-08-23,1.1732,1169.73
2021-08-24,1.1746,1165.43
2021-08-25,1.1758,1164.24
2021-08-26,1.1761,1169.88
2021-08-27,1.1794,1162.5
2021-08-30,1.1795,1166.33
2021-08-31,1.18,1158.32
2021-09-01,1.185,1156.03
2021-09-02,1.1858,1160.95
2021-09-03,1.1884,1155.44
2021-09-07,1.1849,1162.88
2021-09-08,1.1818,1166.21
2021-09-09,1.1827,1169.61
2021-09-10,1.1821,1169.63
2021-09-13,1.1809,1173.33
2021-09-14,1.1824,1170.71
2021-09-15,1.1811,1168.58
2021-09-16,1.1764,1171.23
2021-09-17,1.1734,1175.34
2021-09-20,1.1729,1186.73
2021-09-21,1.1724,1185.15
2021-09-22,1.1739,1182.41
2021-09-23,1.1735,1173.48
2021-09-24,1.1715,1176.53
2021-09-27,1.1702,1175.9
2021-09-28,1.1681,1183.61
2021-09-29,1.1612,1181.75
2021-09-30,1.1577,1183.7
2021-10-01,1.1598,1187.24
2021-10-04,1.1622,1182.4
2021-10-05,1.1609,1188.31
2021-10-06,1.1546,1192.6
2021-10-07,1.1561,1190.76
2021-10-08,1.1572,1194.58
2021-10-12,1.1541,1198.72
2021-10-13,1.1568,1193.89
2021-10-14,1.1591,1186.3
2021-10-15,1.1594,1182.34
2021-10-18,1.1609,1187.55
2021-10-19,1.1632,1175.32
2021-10-20,1.1643,1175.05
2021-10-21,1.1643,1177.25
2021-10-22,1.1632,1176.85
2021-10-25,1.1609,1167.59
2021-10-26,1.159,1167.58
2021-10-27,1.16,1171.19
2021-10-28,1.1685,1167.34
2021-10-29,1.1552,1174.94
2021-11-01,1.1591,1177.73
2021-11-02,1.1581,1177.04
2021-11-03,1.1584,1184.56
2021-11-04,1.1546,1186.77
2021-11-05,1.1554,1183.28
2021-11-08,1.159,1180.64
2021-11-09,1.1589,1178.64
2021-11-10,1.1517,1181.16
2021-11-12,1.1443,1179.23
2021-11-15,1.1421,1181.61
2021-11-16,1.1333,1183.3
2021-11-17,1.1322,1182.4
2021-11-18,1.1358,1183.42
2021-11-19,1.1318,1184.93
2021-11-22,1.126,1185.33
2021-11-23,1.1265,1190.31
2021-11-24,1.1196,1186.01
2021-11-26,1.1302,1194.43
2021-11-29,1.1261,1192.96
2021-11-30,1.1287,1187.45
2021-12-01,1.1323,1187.45
2021-12-02,1.1306,1175.18
2021-12-03,1.1308,1179.84
2021-12-06,1.1282,1182.29
2021-12-07,1.1247,1179.24
2021-12-08,1.133,1175.19
2021-12-09,1.1285,1173.59
2021-12-10,1.1312,1180.99
2021-12-13,1.1298,1184.19
2021-12-14,1.1267,1182.7
2021-12-15,1.1261,1186.06
2021-12-16,1.1309,1183.59
2021-12-17,1.1277,1181.03
2021-12-20,1.1298,1191.07
2021-12-21,1.1272,1192.35
2021-12-22,1.1324,1190.21
2021-12-23,1.132,1187.59
2021-12-27,1.1329,1186.82
2021-12-28,1.1314,1188.15
2021-12-29,1.1337,1185.51
2021-12-30,1.1318,1188.59
2022-01-03,1.129,1191.39
2022-01-04,1.1296,1193.77
2022-01-05,1.1335,1196.38
2022-01-06,1.1307,1205.02
2022-01-07,1.1358,1200.78
2022-01-10,1.1328,1199.13
2022-01-11,1.1363,1194.62
2022-01-12,1.1431,1187.34
2022-01-13,1.1464,1187.95
2022-01-14,1.1414,1186.96
2022-01-18,1.1336,1192.74
2022-01-19,1.1346,1188.51
2022-01-20,1.1336,1191.96
2022-01-21,1.1346,1193.87
2022-01-24,1.131,1195.68
2022-01-25,1.1283,1198.66
2022-01-26,1.1279,1197.46
2022-01-27,1.1141,1202.65
2022-01-28,1.116,1209.04
2022-01-31,1.1212,1206.78
2022-02-01,1.1239,1209.44
2022-02-02,1.1299,1201.7
2022-02-03,1.1425,1206.35
2022-02-04,1.1455,1199.43
2022-02-07,1.1434,1198.64
2022-02-08,1.1416,1198.05
2022-02-09,1.1435,1196.36
2022-02-10,1.1487,1196.31
2022-02-11,1.1404,1198.72
2022-02-14,1.1306,1196.21
2022-02-15,1.1363,1199.78
2022-02-16,1.1381,1197.51
2022-02-17,1.1364,1197.39
2022-02-18,1.1327,1195.4
2022-02-22,1.1342,1192.07
2022-02-23,1.1316,1193.42
2022-02-24,1.1154,1202.34
2022-02-25,1.1261,1201.93
2022-02-28,1.1224,1202.28
2022-03-01,1.1103,1204.34
2022-03-02,1.1102,1205.58
2022-03-03,1.1053,1204.35
2022-03-04,1.0912,1213.71
2022-03-07,1.086,1226.78
2022-03-08,1.0881,1237.18
2022-03-09,1.1069,1234.01
2022-03-10,1.1007,1228.21
2022-03-11,1.0937,1231.47
2022-03-14,1.0979,1241.46
2022-03-15,1.0974,1242.65
2022-03-16,1.0996,1228.04
2022-03-17,1.111,1214.33
2022-03-18,1.1044,1212.2
2022-03-21,1.1048,1216.12
2022-03-22,1.1022,1217.09
2022-03-23,1.1001,1217.92
2022-03-24,1.1006,1220.45
2022-03-25,1.0985,1218.77
2022-03-28,1.0977,1225.46
2022-03-29,1.1104,1219.21
2022-03-30,1.1163,1208.46
2022-03-31,1.1093,1211.55
2022-04-01,1.1043,1215.29
2022-04-04,1.0992,1214.72
2022-04-05,1.0921,1212.55
2022-04-06,1.0913,1212.55
2022-04-07,1.09,1218.96
2022-04-08,1.0874,1225.13
2022-04-11,1.0875,1233.38
2022-04-12,1.0852,1236.03
2022-04-13,1.0874,1227.17
2022-04-14,1.0796,1224.18
2022-04-15,1.0812,1227.97
2022-04-18,1.0785,1233.73
2022-04-19,1.0789,1236.53
2022-04-20,1.0857,1235.28
2022-04-21,1.0839,1238.13
2022-04-22,1.079,1239.66
2022-04-25,1.0703,1249.87
2022-04-26,1.0661,1260.37
2022-04-27,1.0549,1269.35
2022-04-28,1.05,1271.5
2022-04-29,1.0537,1255.87
2022-05-02,1.0521,1265.24
2022-05-03,1.0532,1267.82
2022-05-04,1.0539,1265.22
2022-05-05,1.0507,1256.05
2022-05-06,1.0572,1272.58
2022-05-09,1.0559,1276.29
2022-05-10,1.0531,1275.02
2022-05-11,1.0537,1275.04
2022-05-12,1.0376,1288.65
2022-05-13,1.041,1283.51
2022-05-16,1.042,1284.79
2022-05-17,1.0532,1274.33
2022-05-18,1.0494,1266.36
2022-05-19,1.0587,1276.91
2022-05-20,1.0559,1267.87
2022-05-23,1.0668,1263.85
2022-05-24,1.0744,1265.97
2022-05-25,1.0658,1264.58
2022-05-26,1.0725,1267.83
2022-05-27,1.0709,1250.13
2022-05-31,1.0731,1236.93
2022-06-01,1.0646,1246.52
2022-06-02,1.0733,1252.03
2022-06-03,1.0721,1242.23
2022-06-06,1.0699,1253.52
2022-06-07,1.0697,1255.32
2022-06-08,1.074,1253.5
2022-06-09,1.0656,1256.91
2022-06-10,1.0521,1268.01
2022-06-13,1.0436,1283.69
2022-06-14,1.0416,1285.87
2022-06-15,1.0388,1290.05
2022-06-16,1.0531,1286.76
2022-06-17,1.0473,1287.36
2022-06-21,1.0548,1293.25
2022-06-22,1.0583,1297.21
2022-06-23,1.0503,1300.86
2022-06-24,1.0539,1298.71
2022-06-27,1.0601,1286.2
2022-06-28,1.0534,1290.18
2022-06-29,1.0477,1298.39
2022-06-30,1.0469,1298.95
2022-07-01,1.0409,1297.18
2022-07-05,1.0254,1299.69
2022-07-06,1.0173,1307.1
2022-07-07,1.0159,1299.51
2022-07-08,1.0178,1299.51
2022-07-11,1.0088,1308.9
2022-07-12,1.0069,1311.91
2022-07-13,1.0081,1306.65
2022-07-14,1.0028,1311.76
2022-07-15,1.0089,1321.15
2022-07-18,1.016,1316.7
2022-07-19,1.0238,1313.52
2022-07-20,1.0217,1313.1
2022-07-21,1.0197,1307.58
2022-07-22,1.0225,1312.82
2022-07-25,1.0211,1313.27
2022-07-26,1.0116,1308.33
2022-07-27,1.0108,1313.14
2022-07-28,1.0163,1299.69
2022-07-29,1.0202,1299.08
2022-08-01,1.027,1304.18
2022-08-02,1.0194,1304.89
2022-08-03,1.0146,1310.69
2022-08-04,1.0221,1310.2
2022-08-05,1.017,1298.22
2022-08-08,1.0207,1306.11
2022-08-09,1.0226,1304.5
2022-08-10,1.0337,1310.54
2022-08-11,1.0338,1302.72
2022-08-12,1.0257,1302.13
2022-08-15,1.0186,1305.85
2022-08-16,1.0174,1308.54
2022-08-17,1.0164,1310.16
2022-08-18,1.0114,1319.94
2022-08-19,1.0039,1325.5
2022-08-22,0.9936,1339.4
2022-08-23,0.9976,1339.4
2022-08-24,0.9967,1342.05
2022-08-25,0.9959,1335.46
2022-08-26,0.9998,1331.17
2022-08-29,1.0,1349.8
2022-08-30,1.0018,1346.37
2022-08-31,1.0065,1338.66
2022-09-01,0.995,1354.34
2022-09-02,1.003,1362.2
2022-09-06,0.9914,1378.95
2022-09-07,0.9942,1383.72
2022-09-08,0.9956,1380.51
2022-09-09,1.0046,1376.74
2022-09-12,1.0129,1377.38
2022-09-13,0.9997,1373.76
2022-09-14,0.9993,1391.1
2022-09-15,0.9991,1393.93
2022-09-16,1.0013,1384.48
2022-09-19,1.0003,1393.05
2022-09-20,0.9994,1389.86
2022-09-21,0.988,1395.92
2022-09-22,0.9841,1412.29
2022-09-23,0.9719,1409.42
2022-09-26,0.9623,1432.47
2022-09-27,0.9616,1422.39
2022-09-28,0.9681,1440.5
2022-09-29,0.9774,1439.15
2022-09-30,0.9783,1431.67
2022-10-03,0.9809,1434.83
2022-10-04,0.9977,1425.75
2022-10-05,0.9866,1410.74
2022-10-06,0.9806,1402.33
2022-10-07,0.9785,1412.54
2022-10-11,0.9757,1435.36
2022-10-12,0.9692,1423.81
2022-10-13,0.978,1430.4
2022-10-14,0.9739,1428.06
2022-10-17,0.9843,1434.73
2022-10-18,0.9842,1422.19
2022-10-19,0.978,1426.07
2022-10-20,0.9823,1431.63
2022-10-21,0.9855,1440.31
2022-10-24,0.9874,1439.14
2022-10-25,0.9959,1432.46
2022-10-26,1.0068,1425.68
2022-10-27,0.9985,1419.0
2022-10-28,0.9934,1421.67
2022-10-31,0.9885,1424.6
2022-11-01,0.9871,1416.2
2022-11-02,0.9875,1418.31
2022-11-03,0.9759,1423.99
2022-11-04,0.9895,1423.99
2022-11-07,0.9997,1402.05
2022-11-08,1.0089,1384.61
2022-11-09,1.0037,1364.85
2022-11-10,1.0176,1377.52
2022-11-14,1.0337,1327.38
2022-11-15,1.0372,1317.88
2022-11-16,1.0395,1326.46
2022-11-17,1.0341,1338.97
2022-11-18,1.0349,1339.61
2022-11-21,1.0238,1354.87
2022-11-22,1.0276,1356.66
2022-11-23,1.0364,1352.49
2022-11-25,1.0402,1325.22
2022-11-28,1.0386,1340.66
2022-11-29,1.0356,1327.24
2022-11-30,1.0323,1316.84
2022-12-01,1.0498,1299.11
2022-12-02,1.0521,1300.5
2022-12-05,1.0494,1292.58
2022-12-06,1.0497,1319.31
2022-12-07,1.0505,1322.23
2022-12-08,1.0552,1317.56
2022-12-09,1.055,1301.61
2022-12-12,1.0545,1307.62
2022-12-13,1.063,1301.47
2022-12-14,1.0655,1294.79
2022-12-15,1.0638,1302.91
2022-12-16,1.061,1307.73
2022-12-19,1.0624,1302.29
2022-12-20,1.0635,1290.41
2022-12-21,1.0599,1284.7
2022-12-22,1.0588,1275.68
2022-12-23,1.0621,1280.02
2022-12-27,1.0654,1271.0
2022-12-28,1.0622,1267.54
2022-12-29,1.0668,1265.58
2022-12-30,1.0698,1260.18
2023-01-03,1.0559,1271.1
2023-01-04,1.062,1272.15
2023-01-05,1.0522,1268.91
2023-01-06,1.0619,1268.13
2023-01-09,1.0759,1243.62
2023-01-10,1.0737,1243.83
2023-01-11,1.074,1245.39
2023-01-12,1.0823,1246.26
2023-01-13,1.0811,1241.59
2023-01-17,1.0793,1238.7
2023-01-18,1.0827,1237.32
2023-01-19,1.081,1232.05
2023-01-20,1.0831,1235.57
2023-01-23,1.0865,1228.59
2023-01-24,1.0873,1234.79
2023-01-25,1.0901,1231.67
2023-01-26,1.0866,1230.95
2023-01-27,1.0857,1231.53
2023-01-30,1.0867,1227.31
2023-01-31,1.0858,1231.95
2023-02-01,1.0917,1231.77
2023-02-02,1.0918,1220.34
2023-02-03,1.0825,1229.22
2023-02-06,1.0722,1252.61
2023-02-07,1.0705,1255.53
2023-02-08,1.0734,1260.03
2023-02-09,1.0761,1259.67
2023-02-10,1.067,1264.15
2023-02-13,1.0718,1277.05
2023-02-14,1.0722,1268.93
2023-02-15,1.0683,1282.16
2023-02-16,1.0684,1284.33
2023-02-17,1.0678,1299.62
2023-02-21,1.0657,1295.99
2023-02-22,1.0623,1304.31
2023-02-23,1.0583,1296.79
2023-02-24,1.0545,1304.59
2023-02-27,1.0596,1322.45
2023-02-28,1.0602,1323.45
2023-03-01,1.0674,1315.15
2023-03-02,1.0595,1313.96
2023-03-03,1.0616,1300.59
2023-03-06,1.0694,1296.14
2023-03-07,1.0573,1299.7
2023-03-08,1.0549,1320.81
2023-03-09,1.0577,1321.58
2023-03-10,1.0659,1324.51
2023-03-13,1.0733,1300.46
2023-03-14,1.0722,1306.13
2023-03-15,1.0535,1317.78
2023-03-16,1.0622,1312.13
2023-03-17,1.0647,1303.75
2023-03-20,1.0722,1310.69
2023-03-21,1.0769,1310.65
2023-03-22,1.0792,1307.5
2023-03-23,1.089,1278.93
2023-03-24,1.0762,1292.57
2023-03-27,1.0789,1301.01
2023-03-28,1.0844,1298.26
2023-03-29,1.0826,1303.38
2023-03-30,1.0899,1298.89
2023-03-31,1.0872,1303.8
2023-04-03,1.0891,1316.38
2023-04-04,1.0951,1315.1
2023-04-05,1.0918,1310.05
2023-04-06,1.0927,1319.1
2023-04-07,1.0913,1319.1
2023-04-10,1.084,1319.09
2023-04-11,1.0906,1322.04
2023-04-12,1.0987,1325.34
2023-04-13,1.1054,1310.68
2023-04-14,1.098,1299.12
2023-04-17,1.0915,1311.36
2023-04-18,1.0958,1318.43
2023-04-19,1.0953,1325.28
2023-04-20,1.097,1323.28
2023-04-21,1.0973,1327.53
2023-04-24,1.1027,1334.94
2023-04-25,1.0968,1331.93
2023-04-26,1.1052,1336.23
2023-04-27,1.1017,1337.75
2023-04-28,1.104,1338.41
2023-05-01,1.097,1339.65
2023-05-02,1.0997,1341.0
2023-05-03,1.1049,1337.94
2023-05-04,1.1009,1322.21
2023-05-05,1.1026,1318.38
2023-05-08,1.102,1320.49
2023-05-09,1.0953,1323.59
2023-05-10,1.0966,1324.48
2023-05-11,1.0916,1325.09
2023-05-12,1.0856,1333.74
2023-05-15,1.0874,1336.13
2023-05-16,1.0866,1338.64
2023-05-17,1.083,1337.29
2023-05-18,1.0776,1333.88
2023-05-19,1.0819,1326.12
2023-05-22,1.0806,1317.77
2023-05-23,1.0771,1312.01
2023-05-24,1.0758,1316.71
2023-05-25,1.0725,1325.9
2023-05-26,1.0713,1324.4
2023-05-30,1.0722,1324.59
2023-05-31,1.0654,1324.55
2023-06-01,1.0752,1321.35
2023-06-02,1.0724,1305.21
2023-06-05,1.0721,1308.16
2023-06-06,1.0695,1297.93
2023-06-07,1.0702,1303.62
2023-06-08,1.078,1304.26
2023-06-09,1.0749,1291.46
2023-06-12,1.0747,1288.61
2023-06-13,1.0792,1271.48
2023-06-14,1.0859,1278.44
2023-06-15,1.0933,1279.99
2023-06-16,1.0925,1272.68
2023-06-20,1.09,1280.21
2023-06-21,1.0951,1291.78
2023-06-22,1.0953,1294.75
2023-06-23,1.0887,1304.19
2023-06-26,1.091,1304.88
2023-06-27,1.0961,1299.99
2023-06-28,1.0904,1307.76
2023-06-29,1.0881,1317.73
2023-06-30,1.092,1317.8
2023-07-03,1.0919,1308.37
2023-07-05,1.0868,1298.74
2023-07-06,1.0873,1300.85
2023-07-07,1.0964,1304.89
2023-07-10,1.0991,1306.45
2023-07-11,1.0992,1293.64
2023-07-12,1.1123,1288.17
2023-07-13,1.1194,1273.99
2023-07-14,1.1237,1266.28
2023-07-17,1.1236,1267.02
2023-07-18,1.1223,1260.87
2023-07-19,1.1195,1265.76
2023-07-20,1.1135,1269.26
2023-07-21,1.112,1283.71
2023-07-24,1.1083,1280.54
2023-07-25,1.105,1275.32
2023-07-26,1.1078,1274.04
2023-07-27,1.0998,1277.23
2023-07-28,1.1039,1276.69
2023-07-31,1.102,1273.85
2023-08-01,1.0971,1283.84
2023-08-02,1.0939,1297.66
2023-08-03,1.0947,1298.54
2023-08-04,1.1036,1309.49
2023-08-07,1.1,1305.94
2023-08-08,1.0951,1316.02
2023-08-09,1.0975,1315.45
2023-08-10,1.1016,1315.54
2023-08-11,1.0957,1324.17
2023-08-14,1.0922,1330.05
2023-08-15,1.0928,1335.0
2023-08-16,1.0904,1336.84
2023-08-17,1.0874,1341.13
2023-08-18,1.0875,1337.99
2023-08-21,1.0888,1342.45
2023-08-22,1.0846,1335.06
2023-08-23,1.0862,1339.12
2023-08-24,1.0826,1321.07
2023-08-25,1.0787,1324.11
2023-08-28,1.081,1323.2
2023-08-29,1.0851,1321.87
2023-08-30,1.0926,1323.42
2023-08-31,1.0839,1322.43
2023-09-01,1.0787,1318.34
2023-09-05,1.0727,1330.16
2023-09-06,1.0714,1330.87
2023-09-07,1.0704,1335.03
2023-09-08,1.0709,1332.83
2023-09-11,1.0744,1331.59
2023-09-12,1.0726,1327.29
2023-09-13,1.0737,1329.7
2023-09-14,1.066,1325.88
2023-09-15,1.0673,1325.89
2023-09-18,1.0695,1323.99
2023-09-19,1.0684,1328.13
2023-09-20,1.0715,1330.34
2023-09-21,1.0664,1340.08
2023-09-22,1.066,1336.58
2023-09-25,1.0591,1336.03
2023-09-26,1.0573,1348.69
2023-09-27,1.051,1349.05
2023-09-28,1.0578,1356.41
2023-09-29,1.0584,1347.86
2023-10-02,1.05,1351.67
2023-10-03,1.0453,1360.62
2023-10-04,1.0518,1362.94
2023-10-05,1.0527,1350.22
2023-10-06,1.0596,1350.17
2023-10-10,1.0618,1349.79
2023-10-11,1.062,1339.31
2023-10-12,1.0553,1338.21
2023-10-13,1.0502,1349.65
2023-10-16,1.0546,1353.67
2023-10-17,1.0593,1353.6
2023-10-18,1.0532,1349.45
2023-10-19,1.057,1357.5
2023-10-20,1.0592,1352.92
2023-10-23,1.0646,1353.7
2023-10-24,1.0595,1342.68
2023-10-25,1.0583,1349.07
2023-10-26,1.0532,1359.32
2023-10-27,1.0592,1355.15
2023-10-30,1.062,1350.98
2023-10-31,1.0568,1351.03
2023-11-01,1.0538,1356.94
2023-11-02,1.0618,1342.91
2023-11-03,1.0733,1322.04
2023-11-06,1.0747,1297.94
2023-11-07,1.0687,1308.33
2023-11-08,1.0715,1309.98
2023-11-09,1.071,1309.89
2023-11-13,1.07,1324.97
2023-11-14,1.0861,1328.74
2023-11-15,1.0853,1300.34
2023-11-16,1.0851,1297.1
2023-11-17,1.0879,1296.21
2023-11-20,1.0945,1291.48
2023-11-21,1.0923,1289.34
2023-11-22,1.0871,1300.06
2023-11-24,1.0934,1306.08
2023-11-27,1.0937,1304.33
2023-11-28,1.1007,1293.71
2023-11-29,1.0969,1292.74
2023-11-30,1.0908,1289.95
2023-12-01,1.0878,1305.45
2023-12-04,1.0824,1304.43
2023-12-05,1.0787,1311.47
2023-12-06,1.079,1313.03
2023-12-07,1.0794,1325.27
2023-12-08,1.0746,1307.11
2023-12-11,1.0747,1316.38
2023-12-12,1.079,1313.75
2023-12-13,1.0793,1319.76
2023-12-14,1.0997,1296.11
2023-12-15,1.0906,1295.92
2023-12-18,1.092,1297.63
2023-12-19,1.0977,1307.95
2023-12-20,1.0957,1299.22
2023-12-21,1.099,1304.82
2023-12-22,1.1008,1302.54
2023-12-26,1.1035,1294.25
2023-12-27,1.1114,1293.38
2023-12-28,1.1073,1288.45
2023-12-29,1.1062,1290.97
2024-01-02,1.0957,1300.52
2024-01-03,1.0909,1305.1
2024-01-04,1.0957,1310.39
2024-01-05,1.0957,1315.62
2024-01-08,1.0976,1315.58
2024-01-09,1.0935,1315.92
2024-01-10,1.096,1320.42
2024-01-11,1.0943,1313.04
2024-01-12,1.0959,1313.41
2024-01-16,1.0882,1331.5
2024-01-17,1.0858,1344.23
2024-01-18,1.0863,1338.73
2024-01-19,1.0887,1338.53
2024-01-22,1.0895,1338.25
2024-01-23,1.0829,1333.76
2024-01-24,1.0901,1337.74
2024-01-25,1.0837,1336.0
2024-01-26,1.0866,1336.08
2024-01-29,1.0807,1335.5
2024-01-30,1.0844,1328.93
2024-01-31,1.0855,1334.9
2024-02-01,1.0865,1331.78
2024-02-02,1.0787,1321.9
2024-02-05,1.0736,1330.98
2024-02-06,1.0751,1326.83
2024-02-07,1.0769,1327.37
2024-02-08,1.0774,1328.07
2024-02-09,1.0782,1333.1
2024-02-12,1.0774,1331.37
2024-02-13,1.072,1327.88
2024-02-14,1.0735,1335.06
2024-02-15,1.0761,1333.84
2024-02-16,1.0769,1334.96
2024-02-20,1.0814,1337.25
2024-02-21,1.0818,1334.95
2024-02-22,1.0815,1328.71
2024-02-23,1.0828,1328.71
2024-02-26,1.0855,1330.86
2024-02-27,1.0857,1330.86
2024-02-28,1.0843,1336.02
2024-02-29,1.0807,1336.19
2024-03-01,1.0832,1334.8
2024-03-04,1.0862,1331.29
2024-03-05,1.0861,1336.51
2024-03-06,1.0913,1333.99
2024-03-07,1.0941,1324.3
2024-03-08,1.0941,1319.28
2024-03-11,1.0928,1312.55
2024-03-12,1.0918,1310.82
2024-03-13,1.0944,1314.67
2024-03-14,1.0888,1318.2
2024-03-15,1.0888,1329.35
2024-03-18,1.0886,1333.59
2024-03-19,1.0859,1338.28
2024-03-20,1.0856,1339.02
2024-03-21,1.0861,1322.11
2024-03-22,1.0817,1338.14
2024-03-25,1.0837,1342.61
2024-03-26,1.0829,1344.0
2024-03-27,1.0821,1348.58
2024-03-28,1.0801,1346.01
2024-03-29,1.0791,1347.08
2024-04-01,1.0733,1348.75
2024-04-02,1.0769,1351.37
2024-04-03,1.0827,1348.5
2024-04-04,1.0865,1346.87
2024-04-05,1.0841,1352.58
2024-04-08,1.0853,1353.2
2024-04-09,1.0856,1354.8
2024-04-10,1.0737,1349.05
2024-04-11,1.0722,1364.19
2024-04-12,1.0647,1374.74
2024-04-15,1.0644,1383.63
2024-04-16,1.0628,1393.92
2024-04-17,1.0644,1385.88
2024-04-18,1.066,1373.42
2024-04-19,1.0655,1376.72
2024-04-22,1.0655,1381.84
2024-04-23,1.0695,1379.27
2024-04-24,1.0687,1369.86
2024-04-25,1.0721,1369.86
2024-04-26,1.0686,1375.1
2024-04-29,1.0717,1377.35
2024-04-30,1.0684,1381.92
2024-05-01,1.068,1386.95
2024-05-02,1.0706,1375.39
2024-05-03,1.077,1363.04
2024-05-06,1.0779,1358.81
2024-05-07,1.0767,1359.45
2024-05-08,1.0755,1359.45
2024-05-09,1.0771,1369.74
2024-05-10,1.0773,1367.77
2024-05-13,1.0796,1367.91
2024-05-14,1.0818,1368.77
2024-05-15,1.086,1360.15
2024-05-16,1.0875,1345.15
2024-05-17,1.0869,1354.83
2024-05-20,1.0861,1356.0
2024-05-21,1.0855,1363.54
2024-05-22,1.0836,1362.36
2024-05-23,1.0827,1362.38
2024-05-24,1.0852,1369.02
2024-05-28,1.0879,1357.65
2024-05-29,1.0811,1365.07
2024-05-30,1.0837,1365.07
2024-05-31,1.0846,1385.43
2024-06-03,1.089,1375.91
2024-06-04,1.0878,1375.96
2024-06-05,1.0865,1372.58
2024-06-06,1.0883,1365.45
2024-06-07,1.0807,1366.38
2024-06-10,1.0751,1375.71
2024-06-11,1.0733,1375.71
2024-06-12,1.0843,1378.01
2024-06-13,1.0756,1376.11
2024-06-14,1.0699,1378.96
2024-06-17,1.0723,1380.5
2024-06-18,1.0739,1380.88
2024-06-20,1.0708,1384.38
2024-06-21,1.0694,1388.17
2024-06-24,1.0727,1389.17
2024-06-25,1.0705,1387.16
2024-06-26,1.0682,1388.65
2024-06-27,1.0708,1385.76
2024-06-28,1.0711,1376.55
2024-07-01,1.0728,1383.0
2024-07-02,1.0737,1386.55
2024-07-03,1.0799,1384.85
2024-07-05,1.0828,1379.87
2024-07-08,1.0835,1382.73
2024-07-09,1.0813,1383.39
2024-07-10,1.0823,1383.42
2024-07-11,1.087,1370.85
2024-07-12,1.0902,1374.9
2024-07-15,1.0912,1382.97
2024-07-16,1.0885,1384.99
2024-07-17,1.0933,1380.61
2024-07-18,1.0913,1383.85
2024-07-19,1.0888,1389.29
2024-07-22,1.088,1388.71
2024-07-23,1.0855,1385.78
2024-07-24,1.0853,1379.4
2024-07-25,1.0861,1380.57
2024-07-26,1.0859,1383.11
2024-07-29,1.0819,1381.93
2024-07-30,1.0809,1384.98
2024-07-31,1.0823,1369.29
2024-08-01,1.0789,1368.5
2024-08-02,1.0914,1359.38
2024-08-05,1.0957,1367.68
2024-08-06,1.0926,1377.4
2024-08-07,1.0925,1374.98
2024-08-08,1.0914,1376.94
2024-08-09,1.0925,1363.71
2024-08-12,1.0928,1369.87
2024-08-13,1.0954,1367.28
2024-08-14,1.1024,1355.35
2024-08-15,1.0986,1363.21
2024-08-16,1.0996,1354.34
2024-08-19,1.107,1334.21
2024-08-20,1.1106,1331.78
2024-08-21,1.1143,1333.74
2024-08-22,1.1114,1343.23
2024-08-23,1.1176,1327.56
2024-08-26,1.1164,1328.53
2024-08-27,1.116,1330.9
2024-08-28,1.1127,1335.15
2024-08-29,1.1086,1332.02
2024-08-30,1.106,1336.0
2024-09-03,1.1043,1339.79
2024-09-04,1.1081,1336.93
2024-09-05,1.1096,1335.14
2024-09-06,1.1086,1335.68
2024-09-09,1.1042,1342.16
2024-09-10,1.1025,1343.41
2024-09-11,1.1012,1340.59
2024-09-12,1.1041,1341.35
2024-09-13,1.1085,1329.26
2024-09-16,1.1123,1320.59
2024-09-17,1.1118,1323.81
2024-09-18,1.1116,1324.15
2024-09-19,1.1147,1329.08
2024-09-20,1.1159,1333.66
2024-09-23,1.113,1334.12
2024-09-24,1.115,1330.0
2024-09-25,1.1143,1335.1
2024-09-26,1.1184,1314.78
2024-09-27,1.1159,1309.43
2024-09-30,1.1145,1314.94
2024-10-01,1.1067,1323.78
2024-10-02,1.105,1321.53
2024-10-03,1.1015,1335.58
2024-10-04,1.0961,1348.74
2024-10-07,1.0976,1343.75
2024-10-08,1.097,1346.49
2024-10-09,1.0951,1346.04
2024-10-10,1.0925,1350.77
2024-10-11,1.0942,1350.71
2024-10-15,1.0899,1365.17
2024-10-16,1.0873,1363.76
2024-10-17,1.0837,1371.08
2024-10-18,1.0854,1369.65
2024-10-21,1.082,1379.14
2024-10-22,1.0805,1379.22
2024-10-23,1.0779,1381.61
2024-10-24,1.0806,1382.11
2024-10-25,1.0813,1389.24
2024-10-28,1.0819,1385.57
2024-10-29,1.0798,1382.2
2024-10-30,1.0864,1378.41
2024-10-31,1.0855,1377.57
2024-11-01,1.0848,1376.95
2024-11-04,1.0884,1375.17
2024-11-05,1.092,1380.26
2024-11-06,1.0732,1399.98
2024-11-07,1.0792,1384.66
2024-11-08,1.071,1396.69
2024-11-12,1.0598,1408.28
2024-11-13,1.0567,1404.24
2024-11-14,1.0562,1402.77
2024-11-15,1.0552,1397.42
2024-11-18,1.0586,1394.28
2024-11-19,1.0578,1392.83
2024-11-20,1.0521,1399.51
2024-11-21,1.0475,1401.0
2024-11-22,1.0399,1405.49
2024-11-25,1.0478,1401.03
2024-11-26,1.0481,1396.69
2024-11-27,1.0575,1391.14
2024-11-29,1.0547,1396.99
2024-12-02,1.0484,1406.13
2024-12-03,1.0518,1427.83
2024-12-04,1.0527,1412.16
2024-12-05,1.0571,1415.88
2024-12-06,1.0563,1422.4
2024-12-09,1.057,1430.05
2024-12-10,1.0512,1432.6
2024-12-11,1.0508,1428.5
2024-12-12,1.0514,1429.47
2024-12-13,1.0498,1434.82
2024-12-16,1.0512,1437.86
2024-12-17,1.0506,1436.16
2024-12-18,1.0469,1438.13
2024-12-19,1.0357,1446.06
2024-12-20,1.043,1444.52
2024-12-23,1.0409,1451.76
2024-12-24,1.0388,1457.36
2024-12-26,1.0423,1467.66
2024-12-27,1.0423,1470.4
2024-12-30,1.0386,1472.32
2024-12-31,1.0351,1477.86
2025-01-02,1.0261,1472.52
2025-01-03,1.0292,1470.0
2025-01-06,1.0397,1459.94
2025-01-07,1.0369,1452.42
2025-01-08,1.0313,1459.85
2025-01-09,1.0298,1459.23
2025-01-10,1.0238,1473.36
2025-01-13,1.0209,1466.87
2025-01-14,1.0292,1459.5
2025-01-15,1.0282,1456.5
2025-01-16,1.0303,1456.16
2025-01-17,1.0287,1457.04
2025-01-21,1.0423,1435.29
2025-01-22,1.042,1435.77
2025-01-23,1.042,1434.29
2025-01-24,1.0515,1429.17
2025-01-27,1.0492,1433.83
2025-01-28,1.0427,1446.42
2025-01-29,1.0416,1441.85
2025-01-30,1.042,1442.16
2025-01-31,1.04,1453.86
2025-02-03,1.0277,1461.21
2025-02-04,1.0379,1451.02
2025-02-05,1.0419,1442.37
2025-02-06,1.0368,1447.05
2025-02-07,1.0329,1453.97
2025-02-10,1.0312,1451.0
2025-02-11,1.0346,1452.31
2025-02-12,1.0392,1453.49
2025-02-13,1.0428,1446.95
2025-02-14,1.0498,1439.89
2025-02-18,1.0457,1438.83
2025-02-19,1.0406,1441.06
2025-02-20,1.0475,1434.71
2025-02-21,1.0455,1434.06
2025-02-24,1.0478,1429.77
2025-02-25,1.0498,1433.79
2025-02-26,1.0514,1433.2
2025-02-27,1.0414,1447.35
2025-02-28,1.0402,1459.04
2025-03-03,1.0496,1456.49
2025-03-04,1.0534,1458.46
2025-03-05,1.0768,1445.21
2025-03-06,1.0818,1447.34
2025-03-07,1.0859,1449.3
2025-03-10,1.0837,1456.74
2025-03-11,1.0927,1453.07
2025-03-12,1.0925,1451.7
2025-03-13,1.0859,1455.76
2025-03-14,1.0872,1451.76
2025-03-17,1.0922,1444.71
2025-03-18,1.0927,1451.28
2025-03-19,1.0877,1462.15
2025-03-20,1.0848,1467.77
2025-03-21,1.0806,1466.49
2025-03-24,1.0794,1466.91
2025-03-25,1.0804,1465.32
2025-03-26,1.0781,1467.25
2025-03-27,1.08,1463.9
2025-03-28,1.0826,1469.2
2025-03-31,1.0796,1474.44
2025-04-01,1.08,1471.0
2025-04-02,1.0868,1462.06
2025-04-03,1.1052,1450.55
2025-04-04,1.1014,1457.76
2025-04-07,1.0912,1470.22
2025-04-08,1.0912,1477.97
2025-04-09,1.104,1472.75
2025-04-10,1.1192,1450.37
2025-04-11,1.1325,1418.79
2025-04-14,1.1358,1422.56
2025-04-15,1.129,1427.16
2025-04-16,1.1382,1415.24
2025-04-17,1.1364,1416.1
2025-04-18,1.139,1423.49
2025-04-21,1.1508,1420.52
2025-04-22,1.1466,1425.0
2025-04-23,1.135,1425.88
2025-04-24,1.1363,1432.97
2025-04-25,1.1381,1440.72
2025-04-28,1.1387,1436.31
2025-04-29,1.1396,1432.01
2025-04-30,1.1349,1425.68
2025-05-01,1.1279,1437.58
2025-05-02,1.133,1398.89
2025-05-05,1.1315,1375.11
2025-05-06,1.1345,1377.15
2025-05-07,1.1348,1391.86
2025-05-08,1.1249,1403.61
2025-05-09,1.127,1398.51
2025-05-12,1.1106,1417.77
2025-05-13,1.1176,1418.65
2025-05-14,1.1206,1398.83
2025-05-15,1.1189,1397.65
2025-05-16,1.1141,1401.19
2025-05-19,1.1236,1388.48
2025-05-20,1.1254,1393.36
2025-05-21,1.1343,1371.64
2025-05-22,1.1281,1381.55
2025-05-23,1.135,1365.03
2025-05-27,1.1326,1375.85
2025-05-28,1.1286,1374.6
2025-05-29,1.137,1371.75
2025-05-30,1.1347,1381.13
2025-06-02,1.1432,1376.42
2025-06-03,1.1373,1378.45
2025-06-04,1.1424,1364.16
2025-06-05,1.144,1355.97
2025-06-06,1.1397,1360.28
2025-06-09,1.1425,1354.99
2025-06-10,1.1423,1367.55
2025-06-11,1.149,1368.29
2025-06-12,1.1578,1356.47
2025-06-13,1.1557,1364.93
2025-06-16,1.1581,1357.55
2025-06-17,1.1535,1370.29
2025-06-18,1.1521,1372.11
2025-06-20,1.152,1372.45
2025-06-23,1.1538,1382.61
2025-06-24,1.1608,1359.0
2025-06-25,1.162,1362.17
2025-06-26,1.1717,1355.64
2025-06-27,1.1724,1360.72
2025-06-30,1.177,1353.5
2025-07-01,1.1776,1358.06
2025-07-02,1.179,1356.9
2025-07-03,1.1758,1364.65
2025-07-07,1.1733,1369.6
2025-07-08,1.1707,1372.74
2025-07-09,1.1707,1375.04
2025-07-10,1.1688,1373.37
2025-07-11,1.1696,1375.37
2025-07-14,1.1672,1382.51
2025-07-15,1.1619,1385.39
2025-07-16,1.1629,1390.84
2025-07-17,1.1597,1391.04
2025-07-18,1.1645,1390.29
2025-07-21,1.1705,1381.22
2025-07-22,1.1749,1381.58
2025-07-23,1.1748,1375.38
2025-07-24,1.1765,1371.0
2025-07-25,1.173,1382.92
2025-07-28,1.1609,1388.21
2025-07-29,1.1534,1390.63
2025-07-30,1.147,1391.58
2025-07-31,1.1431,1396.19
2025-08-01,1.1555,1388.34
2025-08-04,1.1568,1385.71
2025-08-05,1.158,1386.64
2025-08-06,1.1647,1384.64
2025-08-07,1.1641,1386.05
2025-08-08,1.166,1389.7
2025-08-11,1.1607,1392.74
2025-08-12,1.1673,1385.4
2025-08-13,1.1715,1378.9
2025-08-14,1.1644,1390.59
2025-08-15,1.1708,1387.87
2025-08-18,1.1667,1387.34
2025-08-19,1.166,1392.04
2025-08-20,1.1649,1397.7
2025-08-21,1.1605,1401.88
2025-08-22,1.1713,1381.71
2025-08-25,1.167,1389.06
2025-08-26,1.1657,1393.52
2025-08-27,1.1611,1394.54
2025-08-28,1.1672,1384.85
2025-08-29,1.1695,1389.76
2025-09-02,1.1653,1394.76
2025-09-03,1.1676,1389.21
2025-09-04,1.1648,1394.8
2025-09-05,1.1759,1385.28
2025-09-08,1.1751,1386.29
2025-09-09,1.1723,1388.16
2025-09-10,1.1714,1386.97
2025-09-11,1.1732,1388.97
2025-09-12,1.1714,1394.06
2025-09-15,1.1772,1385.09
2025-09-16,1.1848,1381.49
2025-09-17,1.1845,1375.5
2025-09-18,1.178,1388.51
2025-09-19,1.1753,1397.43
2025-09-22,1.1773,1392.4
2025-09-23,1.18,1394.28
2025-09-24,1.1742,1404.7
2025-09-25,1.1673,1408.67
2025-09-26,1.1692,1410.05
2025-09-29,1.173,1399.76
2025-09-30,1.1735,1404.63
2025-10-01,1.1723,1402.45
2025-10-02,1.1696,1406.72
2025-10-03,1.1747,1406.16
2025-10-06,1.1707,1410.47
2025-10-07,1.1674,1413.12
2025-10-08,1.1606,1424.17
2025-10-09,1.1559,1423.68
2025-10-10,1.1613,1428.39
2025-10-14,1.1608,1429.91
2025-10-15,1.1638,1423.12
2025-10-16,1.1665,1416.07
2025-10-17,1.1674,1421.89
2025-10-20,1.1656,1420.39
2025-10-21,1.1616,1430.58
2025-10-22,1.1612,1429.94
2025-10-23,1.1612,1437.25
2025-10-24,1.1626,1438.35
2025-10-27,1.1636,1432.72
2025-10-28,1.1659,1432.72
2025-10-29,1.1664,1420.83
2025-10-30,1.1564,1430.45
2025-10-31,1.1541,1428.37
2025-11-03,1.1531,1430.65
2025-11-04,1.1491,1440.22
2025-11-05,1.1485,1440.95
2025-11-06,1.1539,1449.28
2025-11-07,1.1578,1461.07
2025-11-10,1.1545,1456.34
2025-11-12,1.1592,1468.6
2025-11-13,1.1649,1465.32
2025-11-14,1.1617,1453.2
2025-11-17,1.1598,1459.71
2025-11-18,1.1579,1461.3
2025-11-19,1.154,1467.69
2025-11-20,1.1534,1472.65
2025-11-21,1.1506,1470.84
2025-11-24,1.1518,1475.94
2025-11-25,1.1553,1468.02
2025-11-26,1.1591,1468.39
2025-11-28,1.16,1467.65
2025-12-01,1.1623,1467.79
2025-12-02,1.1596,1469.23
2025-12-03,1.166,1465.94
2025-12-04,1.1659,1473.22
2025-12-05,1.1635,1472.83
2025-12-08,1.1626,1469.19
2025-12-09,1.1639,1469.48
2025-12-10,1.165,1470.2
2025-12-11,1.1756,1471.38
2025-12-12,1.1731,1477.72
2025-12-15,1.1756,1468.62
2025-12-16,1.177,1472.48
2025-12-17,1.1748,1475.05
2025-12-18,1.1729,1473.21
2025-12-19,1.1721,1477.26
2025-12-22,1.175,1480.13
2025-12-23,1.1776,1481.45
2025-12-24,1.178,1443.62
2025-12-26,1.1766,1441.16
2025-12-29,1.1756,1433.88
2025-12-30,1.1765,1439.42
2025-12-31,1.1736,1444.55
2026-01-02,1.1738,1444.45
2026-01-05,1.1715,1444.88
2026-01-06,1.1689,1446.93
2026-01-07,1.169,1447.45
2026-01-08,1.1655,1452.15
2026-01-09,1.1634,1458.61
2026-01-12,1.1672,1467.08
2026-01-13,1.1646,1475.78
2026-01-14,1.1655,1464.29
2026-01-15,1.1605,1469.39
2026-01-16,1.1599,1474.05
2026-01-20,1.1739,1478.33
2026-01-21,1.1705,1465.95
2026-01-22,1.1738,1464.34
2026-01-23,1.1771,1462.89
2026-01-26,1.1886,1441.49
2026-01-27,1.198,1437.45
2026-01-28,1.1941,1436.06
2026-01-29,1.1943,1433.84
2026-01-30,1.1885,1444.51
2026-02-02,1.1807,1452.03
2026-02-03,1.1819,1447.7
2026-02-04,1.1803,1459.24
2026-02-05,1.1802,1463.13
2026-02-06,1.1812,1462.75
2026-02-09,1.1898,1458.12
2026-02-10,1.1898,1456.82
2026-02-11,1.1884,1446.96
2026-02-12,1.187,1439.8
2026-02-13,1.187,1442.9
2026-02-17,1.1831,1444.43
2026-02-18,1.181,1445.15
2026-02-19,1.1762,1450.1
2026-02-20,1.1781,1445.97
2026-02-23,1.1804,1442.62
2026-02-24,1.1789,1440.45
2026-02-25,1.1804,1427.12
2026-02-26,1.1792,1433.32
2026-02-27,1.1822,1439.82
2026-03-02,1.169,1439.8
2026-03-03,1.1604,1485.6
2026-03-04,1.1638,1462.7
2026-03-05,1.1585,1483.36
2026-03-06,1.1606,1482.98
2026-03-09,1.1592,1478.15
2026-03-10,1.1648,1465.29
2026-03-11,1.1566,1474.94
2026-03-12,1.1522,1491.81
2026-03-13,1.1444,1498.88
2026-03-16,1.1487,1493.01
2026-03-17,1.1525,1488.68
2026-03-18,1.1513,1500.19
2026-03-19,1.1515,1495.88
2026-03-20,1.1543,1504.15
2026-03-23,1.1587,1492.07
2026-03-24,1.1578,1496.95
2026-03-25,1.157,1500.32
2026-03-26,1.1542,1504.57
2026-03-27,1.152,1509.86
2026-03-30,1.1454,1518.7
2026-03-31,1.1518,1523.5
2026-04-01,1.1614,1511.31
2026-04-02,1.1546,1509.54
2026-04-03,1.1523,1510.17
2026-04-06,1.1545,1507.55
2026-04-07,1.1571,1501.86
2026-04-08,1.1686,1477.1
2026-04-09,1.1706,1472.92
2026-04-10,1.1723,1483.9
2026-04-13,1.171,1486.94
2026-04-14,1.1791,1471.51
2026-04-15,1.1799,1474.41
2026-04-16,1.1783,1478.19
2026-04-17,1.1801,1461.66
2026-04-20,1.1785,1470.31
2026-04-21,1.1752,1478.52
2026-04-22,1.1714,1480.61
2026-04-23,1.1704,1479.19
2026-04-24,1.1718,1476.47
2026-04-27,1.1731,1473.4
2026-04-28,1.1715,1472.37
2026-04-29,1.1695,1487.69
2026-04-30,1.1729,1477.93
2026-05-01,1.1755,1477.22
2026-05-04,1.1698,1476.01
2026-05-05,1.1707,1478.41
2026-05-06,1.1753,1447.01
2026-05-07,1.1764,1453.85
2026-05-08,1.1773,1461.06
2026-05-11,1.178,1469.91
2026-05-12,1.1733,1490.32
2026-05-13,1.1711,1490.11
2026-05-14,1.1678,1491.75
2026-05-15,1.1627,1499.61
2026-05-18,1.1649,1494.67
2026-05-19,1.1602,1508.49
2026-05-20,1.162,1498.77
2026-05-21,1.1589,1508.47
2026-05-22,1.1603,1517.33
2026-05-26,1.162,1506.75
2026-05-27,1.1631,1498.28
2026-05-28,1.1649,1495.94
2026-05-29,1.1679,1503.96
2026-06-01,1.1624,1511.71
2026-06-02,1.1642,1517.4
2026-06-03,1.1605,1518.03
2026-06-04,1.1629,1531.91
2026-06-05,1.1533,1555.96
2026-06-08,1.1545,1528.23
2026-06-09,1.1556,1529.94
2026-06-10,1.155,1519.26
2026-06-11,1.1515,1530.97
2026-06-12,1.1573,1518.87
2026-06-15,1.1599,1514.87
2026-06-16,1.1615,1508.12
2026-06-17,1.1593,1514.24
2026-06-18,1.147,1540.64
2026-06-22,1.1432,1537.86
2026-06-23,1.1383,1532.43
2026-06-24,1.1348,1542.53
2026-06-25,1.1385,1541.44
2026-06-26,1.1403,1533.44
2026-06-29,1.1425,1542.07
2026-06-30,1.1417,1548.78
2026-07-01,1.1384,1550.59
2026-07-02,1.1448,1538.05
2026-07-06,1.1426,1530.98
2026-07-07,1.1423,1514.43
2026-07-08,1.1396,1511.17
2026-07-09,1.1439,1508.76
2026-07-10,1.1438,1501.06
2026-07-13,1.1402,1492.63
2026-07-14,1.1428,1490.26
2026-07-15,1.1436,1488.39
2026-07-16,1.1447,1478.2
2026-07-17,1.144,1489.44
2026-07-20,1.1411,1478.31
2026-07-21,1.1408,1479.77
2026-07-22,1.1414,1476.63
2026-07-23,1.1373,1474.88
2026-07-24,1.1385,1460.76
2026-07-27,1.1376,1467.54
2026-07-28,1.1401,1453.26
2026-07-29,1.1384,1446.32
2026-07-30,1.1522,1424.05
2026-07-31,1.1519,1436.81
2026-08-03,1.1509,1430.49
2026-08-04,1.1527,1427.48
2026-08-05,1.1547,1424.0
2026-08-06,1.1521,1423.61
2026-08-07,1.1559,1409.94
2026-08-10,1.1552,1417.54
2026-08-11,1.1543,1412.93
2026-08-12,1.154,1416.3
2026-08-13,1.1531,1418.0
2026-08-14,1.1581,1414.29
2026-08-17,1.1591,1412.8
2026-08-18,1.158,1411.6
2026-08-19,1.1664,1388.39
2026-08-20,1.1679,1393.35
2026-08-21,1.1684,1385.01
2026-08-24,1.1665,1383.15
2026-08-25,1.1673,1383.63
2026-08-26,1.1651,1386.17
2026-08-27,1.1654,1381.25
2026-08-28,1.1598,1379.41
2026-08-31,1.1617,1368.25
2026-09-01,1.1593,1371.76
2026-09-02,1.1592,1358.85
2026-09-03,1.1623,1356.89
2026-09-04,1.1618,1346.51
2026-09-08,1.1627,1341.22
2026-09-09,1.1627,1339.81
2026-09-10,1.1629,1345.63
2026-09-11,1.1604,1340.3
2026-09-14,1.1549,1346.6
2026-09-15,1.1542,1361.84
2026-09-16,1.1538,1367.65
2026-09-17,1.1479,1380.46
2026-09-18,1.1464,1387.97
2026-09-21,1.1469,1374.81
2026-09-22,1.1432,1359.06
2026-09-23,1.1394,1366.99
2026-09-24,1.1373,1369.44
2026-09-25,1.14,1356.51
2026-09-28,1.1367,1359.78
2026-09-29,1.1336,1355.4
2026-09-30,1.1345,1355.91
2026-10-01,1.1232,1364.83
2026-10-02,1.1259,1345.75
